{
    "$schema": "http://schema.management.azure.com/schemas/2015-01-01/deploymentTemplate.json#",
    "contentVersion": "1.0.0.0",
    "parameters": {
        "factoryName": {
            "type": "string",
            "metadata": "Data Factory name",
            "defaultValue": "team14datafactory"
        },
        "AzureBlobStorage1_connectionString": {
            "type": "secureString",
            "metadata": "Secure string for 'connectionString' of 'AzureBlobStorage1'"
        },
        "AzureBlobStorage2_connectionString": {
            "type": "secureString",
            "metadata": "Secure string for 'connectionString' of 'AzureBlobStorage2'"
        },
        "AzureBlobStorage3_connectionString": {
            "type": "secureString",
            "metadata": "Secure string for 'connectionString' of 'AzureBlobStorage3'"
        },
        "AzureBlobStorage4_connectionString": {
            "type": "secureString",
            "metadata": "Secure string for 'connectionString' of 'AzureBlobStorage4'"
        },
        "AzureBlobStorage5_connectionString": {
            "type": "secureString",
            "metadata": "Secure string for 'connectionString' of 'AzureBlobStorage5'"
        },
        "AzureDataLakeStorage1_accountKey": {
            "type": "secureString",
            "metadata": "Secure string for 'accountKey' of 'AzureDataLakeStorage1'"
        },
        "AzureDataLakeStorage3_accountKey": {
            "type": "secureString",
            "metadata": "Secure string for 'accountKey' of 'AzureDataLakeStorage3'"
        },
        "AzureDataLakeStorage4_accountKey": {
            "type": "secureString",
            "metadata": "Secure string for 'accountKey' of 'AzureDataLakeStorage4'"
        },
        "AzureDataLakeStorage5_accountKey": {
            "type": "secureString",
            "metadata": "Secure string for 'accountKey' of 'AzureDataLakeStorage5'"
        },
        "AzureDataLakeStorage6_accountKey": {
            "type": "secureString",
            "metadata": "Secure string for 'accountKey' of 'AzureDataLakeStorage6'"
        },
        "AzureDataLakeStorage7_accountKey": {
            "type": "secureString",
            "metadata": "Secure string for 'accountKey' of 'AzureDataLakeStorage7'"
        },
        "AzureSqlDatabase1_connectionString": {
            "type": "secureString",
            "metadata": "Secure string for 'connectionString' of 'AzureSqlDatabase1'"
        },
        "Challenge2_accountKey": {
            "type": "secureString",
            "metadata": "Secure string for 'accountKey' of 'Challenge2'"
        },
        "CosmosDbNoSql1_connectionString": {
            "type": "secureString",
            "metadata": "Secure string for 'connectionString' of 'CosmosDbNoSql1'"
        },
        "AzureDataLakeStorage1_properties_typeProperties_url": {
            "type": "string",
            "defaultValue": "https://covid197o5otukgvty3w.dfs.core.windows.net/"
        },
        "AzureDataLakeStorage3_properties_typeProperties_url": {
            "type": "string",
            "defaultValue": "https://covid197o5otukgvty3w.dfs.core.windows.net/"
        },
        "AzureDataLakeStorage4_properties_typeProperties_url": {
            "type": "string",
            "defaultValue": "https://covid197o5otukgvty3w.dfs.core.windows.net/"
        },
        "AzureDataLakeStorage5_properties_typeProperties_url": {
            "type": "string",
            "defaultValue": "https://covid197o5otukgvty3w.dfs.core.windows.net/"
        },
        "AzureDataLakeStorage6_properties_typeProperties_url": {
            "type": "string",
            "defaultValue": "https://covid197o5otukgvty3w.dfs.core.windows.net/"
        },
        "AzureDataLakeStorage7_properties_typeProperties_url": {
            "type": "string",
            "defaultValue": "https://covid197o5otukgvty3w.dfs.core.windows.net/"
        },
        "Challenge2_properties_typeProperties_url": {
            "type": "string",
            "defaultValue": "https://covid197o5otukgvty3w.dfs.core.windows.net/"
        },
        "HttpServer1_properties_typeProperties_url": {
            "type": "string",
            "defaultValue": "https://api.worldbank.org/v2/en/indicator/SP.POP.TOTL?downloadformat=csv"
        },
        "HttpServer2_properties_typeProperties_url": {
            "type": "string",
            "defaultValue": "https://www.kaggle.com/datasets/palinatx/mean-temperature-for-countries-by-year-2014-2022/download?datasetVersionNumber=3"
        }
    },
    "variables": {
        "factoryId": "[concat('Microsoft.DataFactory/factories/', parameters('factoryName'))]"
    },
    "resources": [
        {
            "name": "[concat(parameters('factoryName'), '/AzureBlobStorage1')]",
            "type": "Microsoft.DataFactory/factories/linkedServices",
            "apiVersion": "2018-06-01",
            "properties": {
                "annotations": [],
                "type": "AzureBlobStorage",
                "typeProperties": {
                    "connectionString": "[parameters('AzureBlobStorage1_connectionString')]"
                }
            },
            "dependsOn": []
        },
        {
            "name": "[concat(parameters('factoryName'), '/AzureBlobStorage2')]",
            "type": "Microsoft.DataFactory/factories/linkedServices",
            "apiVersion": "2018-06-01",
            "properties": {
                "annotations": [],
                "type": "AzureBlobStorage",
                "typeProperties": {
                    "connectionString": "[parameters('AzureBlobStorage2_connectionString')]"
                }
            },
            "dependsOn": []
        },
        {
            "name": "[concat(parameters('factoryName'), '/AzureBlobStorage3')]",
            "type": "Microsoft.DataFactory/factories/linkedServices",
            "apiVersion": "2018-06-01",
            "properties": {
                "annotations": [],
                "type": "AzureBlobStorage",
                "typeProperties": {
                    "connectionString": "[parameters('AzureBlobStorage3_connectionString')]"
                }
            },
            "dependsOn": []
        },
        {
            "name": "[concat(parameters('factoryName'), '/AzureBlobStorage4')]",
            "type": "Microsoft.DataFactory/factories/linkedServices",
            "apiVersion": "2018-06-01",
            "properties": {
                "annotations": [],
                "type": "AzureBlobStorage",
                "typeProperties": {
                    "connectionString": "[parameters('AzureBlobStorage4_connectionString')]"
                }
            },
            "dependsOn": []
        },
        {
            "name": "[concat(parameters('factoryName'), '/AzureBlobStorage5')]",
            "type": "Microsoft.DataFactory/factories/linkedServices",
            "apiVersion": "2018-06-01",
            "properties": {
                "annotations": [],
                "type": "AzureBlobStorage",
                "typeProperties": {
                    "connectionString": "[parameters('AzureBlobStorage5_connectionString')]"
                }
            },
            "dependsOn": []
        },
        {
            "name": "[concat(parameters('factoryName'), '/AzureDataLakeStorage1')]",
            "type": "Microsoft.DataFactory/factories/linkedServices",
            "apiVersion": "2018-06-01",
            "properties": {
                "annotations": [],
                "type": "AzureBlobFS",
                "typeProperties": {
                    "url": "[parameters('AzureDataLakeStorage1_properties_typeProperties_url')]",
                    "accountKey": {
                        "type": "SecureString",
                        "value": "[parameters('AzureDataLakeStorage1_accountKey')]"
                    }
                }
            },
            "dependsOn": []
        },
        {
            "name": "[concat(parameters('factoryName'), '/AzureDataLakeStorage3')]",
            "type": "Microsoft.DataFactory/factories/linkedServices",
            "apiVersion": "2018-06-01",
            "properties": {
                "annotations": [],
                "type": "AzureBlobFS",
                "typeProperties": {
                    "url": "[parameters('AzureDataLakeStorage3_properties_typeProperties_url')]",
                    "accountKey": {
                        "type": "SecureString",
                        "value": "[parameters('AzureDataLakeStorage3_accountKey')]"
                    }
                }
            },
            "dependsOn": []
        },
        {
            "name": "[concat(parameters('factoryName'), '/AzureDataLakeStorage4')]",
            "type": "Microsoft.DataFactory/factories/linkedServices",
            "apiVersion": "2018-06-01",
            "properties": {
                "annotations": [],
                "type": "AzureBlobFS",
                "typeProperties": {
                    "url": "[parameters('AzureDataLakeStorage4_properties_typeProperties_url')]",
                    "accountKey": {
                        "type": "SecureString",
                        "value": "[parameters('AzureDataLakeStorage4_accountKey')]"
                    }
                }
            },
            "dependsOn": []
        },
        {
            "name": "[concat(parameters('factoryName'), '/AzureDataLakeStorage5')]",
            "type": "Microsoft.DataFactory/factories/linkedServices",
            "apiVersion": "2018-06-01",
            "properties": {
                "annotations": [],
                "type": "AzureBlobFS",
                "typeProperties": {
                    "url": "[parameters('AzureDataLakeStorage5_properties_typeProperties_url')]",
                    "accountKey": {
                        "type": "SecureString",
                        "value": "[parameters('AzureDataLakeStorage5_accountKey')]"
                    }
                }
            },
            "dependsOn": []
        },
        {
            "name": "[concat(parameters('factoryName'), '/AzureDataLakeStorage6')]",
            "type": "Microsoft.DataFactory/factories/linkedServices",
            "apiVersion": "2018-06-01",
            "properties": {
                "annotations": [],
                "type": "AzureBlobFS",
                "typeProperties": {
                    "url": "[parameters('AzureDataLakeStorage6_properties_typeProperties_url')]",
                    "accountKey": {
                        "type": "SecureString",
                        "value": "[parameters('AzureDataLakeStorage6_accountKey')]"
                    }
                }
            },
            "dependsOn": []
        },
        {
            "name": "[concat(parameters('factoryName'), '/AzureDataLakeStorage7')]",
            "type": "Microsoft.DataFactory/factories/linkedServices",
            "apiVersion": "2018-06-01",
            "properties": {
                "annotations": [],
                "type": "AzureBlobFS",
                "typeProperties": {
                    "url": "[parameters('AzureDataLakeStorage7_properties_typeProperties_url')]",
                    "accountKey": {
                        "type": "SecureString",
                        "value": "[parameters('AzureDataLakeStorage7_accountKey')]"
                    }
                }
            },
            "dependsOn": []
        },
        {
            "name": "[concat(parameters('factoryName'), '/AzureSqlDatabase1')]",
            "type": "Microsoft.DataFactory/factories/linkedServices",
            "apiVersion": "2018-06-01",
            "properties": {
                "annotations": [],
                "type": "AzureSqlDatabase",
                "typeProperties": {
                    "connectionString": "[parameters('AzureSqlDatabase1_connectionString')]"
                }
            },
            "dependsOn": []
        },
        {
            "name": "[concat(parameters('factoryName'), '/Challenge2')]",
            "type": "Microsoft.DataFactory/factories/linkedServices",
            "apiVersion": "2018-06-01",
            "properties": {
                "annotations": [],
                "type": "AzureBlobFS",
                "typeProperties": {
                    "url": "[parameters('Challenge2_properties_typeProperties_url')]",
                    "accountKey": {
                        "type": "SecureString",
                        "value": "[parameters('Challenge2_accountKey')]"
                    }
                }
            },
            "dependsOn": []
        },
        {
            "name": "[concat(parameters('factoryName'), '/CosmosDbNoSql1')]",
            "type": "Microsoft.DataFactory/factories/linkedServices",
            "apiVersion": "2018-06-01",
            "properties": {
                "annotations": [],
                "type": "CosmosDb",
                "typeProperties": {
                    "connectionString": "[parameters('CosmosDbNoSql1_connectionString')]"
                }
            },
            "dependsOn": []
        },
        {
            "name": "[concat(parameters('factoryName'), '/HttpServer1')]",
            "type": "Microsoft.DataFactory/factories/linkedServices",
            "apiVersion": "2018-06-01",
            "properties": {
                "annotations": [],
                "type": "HttpServer",
                "typeProperties": {
                    "url": "[parameters('HttpServer1_properties_typeProperties_url')]",
                    "enableServerCertificateValidation": true,
                    "authenticationType": "Anonymous"
                }
            },
            "dependsOn": []
        },
        {
            "name": "[concat(parameters('factoryName'), '/HttpServer2')]",
            "type": "Microsoft.DataFactory/factories/linkedServices",
            "apiVersion": "2018-06-01",
            "properties": {
                "annotations": [],
                "type": "HttpServer",
                "typeProperties": {
                    "url": "[parameters('HttpServer2_properties_typeProperties_url')]",
                    "enableServerCertificateValidation": true,
                    "authenticationType": "Anonymous"
                }
            },
            "dependsOn": []
        },
        {
            "name": "[concat(parameters('factoryName'), '/integrationRuntime1')]",
            "type": "Microsoft.DataFactory/factories/integrationRuntimes",
            "apiVersion": "2018-06-01",
            "properties": {
                "type": "SelfHosted",
                "typeProperties": {}
            },
            "dependsOn": []
        },
        {
            "name": "[concat(parameters('factoryName'), '/Binary1')]",
            "type": "Microsoft.DataFactory/factories/datasets",
            "apiVersion": "2018-06-01",
            "properties": {
                "linkedServiceName": {
                    "referenceName": "HttpServer2",
                    "type": "LinkedServiceReference"
                },
                "annotations": [],
                "type": "Binary",
                "typeProperties": {
                    "location": {
                        "type": "HttpServerLocation"
                    }
                }
            },
            "dependsOn": [
                "[concat(variables('factoryId'), '/linkedServices/HttpServer2')]"
            ]
        },
        {
            "name": "[concat(parameters('factoryName'), '/Binary2')]",
            "type": "Microsoft.DataFactory/factories/datasets",
            "apiVersion": "2018-06-01",
            "properties": {
                "linkedServiceName": {
                    "referenceName": "AzureBlobStorage2",
                    "type": "LinkedServiceReference"
                },
                "annotations": [],
                "type": "Binary",
                "typeProperties": {
                    "location": {
                        "type": "AzureBlobStorageLocation",
                        "fileName": "temp.zip",
                        "container": "external"
                    }
                }
            },
            "dependsOn": [
                "[concat(variables('factoryId'), '/linkedServices/AzureBlobStorage2')]"
            ]
        },
        {
            "name": "[concat(parameters('factoryName'), '/Binary3')]",
            "type": "Microsoft.DataFactory/factories/datasets",
            "apiVersion": "2018-06-01",
            "properties": {
                "linkedServiceName": {
                    "referenceName": "AzureBlobStorage1",
                    "type": "LinkedServiceReference"
                },
                "annotations": [],
                "type": "Binary",
                "typeProperties": {
                    "location": {
                        "type": "AzureBlobStorageLocation",
                        "fileName": "popinfo.txt",
                        "container": "external"
                    }
                }
            },
            "dependsOn": [
                "[concat(variables('factoryId'), '/linkedServices/AzureBlobStorage1')]"
            ]
        }
    ]
}