{
    "$schema": "http://schema.management.azure.com/schemas/2015-01-01/deploymentTemplate.json#",
    "contentVersion": "1.0.0.0",
    "parameters": {
        "factoryName": {
            "type": "string",
            "metadata": "Data Factory name",
            "defaultValue": "team14datafactory"
        },
        "AzureDataLakeStorage2_accountKey": {
            "type": "secureString",
            "metadata": "Secure string for 'accountKey' of 'AzureDataLakeStorage2'"
        },
        "SqlServer1_connectionString": {
            "type": "secureString",
            "metadata": "Secure string for 'connectionString' of 'SqlServer1'"
        },
        "AzureDataLakeStorage2_properties_typeProperties_url": {
            "type": "string",
            "defaultValue": "https://covid197o5otukgvty3w.dfs.core.windows.net/"
        }
    },
    "variables": {
        "factoryId": "[concat('Microsoft.DataFactory/factories/', parameters('factoryName'))]"
    },
    "resources": [
        {
            "name": "[concat(parameters('factoryName'), '/SQLCountrySrc')]",
            "type": "Microsoft.DataFactory/factories/datasets",
            "apiVersion": "2018-06-01",
            "properties": {
                "linkedServiceName": {
                    "referenceName": "AzureDataLakeStorage5",
                    "type": "LinkedServiceReference"
                },
                "annotations": [],
                "type": "Parquet",
                "typeProperties": {
                    "location": {
                        "type": "AzureBlobFSLocation",
                        "fileName": "dbo.Country.parquet",
                        "fileSystem": "azuresqldb"
                    },
                    "compressionCodec": "snappy"
                },
                "schema": [
                    {
                        "name": "Country",
                        "type": "UTF8"
                    },
                    {
                        "name": "CountryCode",
                        "type": "UTF8"
                    },
                    {
                        "name": "Latitude",
                        "type": "DECIMAL",
                        "precision": 10,
                        "scale": 5
                    },
                    {
                        "name": "Longitude",
                        "type": "DECIMAL",
                        "precision": 10,
                        "scale": 5
                    }
                ]
            },
            "dependsOn": []
        },
        {
            "name": "[concat(parameters('factoryName'), '/SQLCovid_Metrics')]",
            "type": "Microsoft.DataFactory/factories/datasets",
            "apiVersion": "2018-06-01",
            "properties": {
                "linkedServiceName": {
                    "referenceName": "AzureSqlDatabase1",
                    "type": "LinkedServiceReference"
                },
                "annotations": [],
                "type": "AzureSqlTable",
                "schema": [
                    {
                        "name": "ID",
                        "type": "int",
                        "precision": 10
                    },
                    {
                        "name": "Updated",
                        "type": "date"
                    },
                    {
                        "name": "Confirmed",
                        "type": "int",
                        "precision": 10
                    },
                    {
                        "name": "Confirmed_Change",
                        "type": "int",
                        "precision": 10
                    },
                    {
                        "name": "Deaths",
                        "type": "int",
                        "precision": 10
                    },
                    {
                        "name": "Deaths_Change",
                        "type": "int",
                        "precision": 10
                    },
                    {
                        "name": "Recovered",
                        "type": "int",
                        "precision": 10
                    },
                    {
                        "name": "Recovered_Change",
                        "type": "int",
                        "precision": 10
                    },
                    {
                        "name": "Latitude",
                        "type": "decimal",
                        "precision": 10,
                        "scale": 5
                    },
                    {
                        "name": "Longitude",
                        "type": "decimal",
                        "precision": 10,
                        "scale": 5
                    },
                    {
                        "name": "ISO2",
                        "type": "varchar"
                    },
                    {
                        "name": "ISO3",
                        "type": "varchar"
                    },
                    {
                        "name": "Country_Region",
                        "type": "varchar"
                    },
                    {
                        "name": "load_time",
                        "type": "datetime",
                        "precision": 23,
                        "scale": 3
                    }
                ],
                "typeProperties": {
                    "schema": "dbo",
                    "table": "Covid19_Metrics"
                }
            },
            "dependsOn": []
        },
        {
            "name": "[concat(parameters('factoryName'), '/SQLCovid_MetricsSrc')]",
            "type": "Microsoft.DataFactory/factories/datasets",
            "apiVersion": "2018-06-01",
            "properties": {
                "linkedServiceName": {
                    "referenceName": "AzureDataLakeStorage5",
                    "type": "LinkedServiceReference"
                },
                "annotations": [],
                "type": "Parquet",
                "typeProperties": {
                    "location": {
                        "type": "AzureBlobFSLocation",
                        "fileName": "dbo.Covid19_Metrics.parquet",
                        "fileSystem": "azuresqldb"
                    },
                    "compressionCodec": "snappy"
                },
                "schema": [
                    {
                        "name": "ID",
                        "type": "INT32"
                    },
                    {
                        "name": "Updated",
                        "type": "DATE"
                    },
                    {
                        "name": "Confirmed",
                        "type": "INT32"
                    },
                    {
                        "name": "Confirmed_Change",
                        "type": "INT32"
                    },
                    {
                        "name": "Deaths",
                        "type": "INT32"
                    },
                    {
                        "name": "Deaths_Change",
                        "type": "INT32"
                    },
                    {
                        "name": "Recovered",
                        "type": "INT32"
                    },
                    {
                        "name": "Recovered_Change",
                        "type": "INT32"
                    },
                    {
                        "name": "Latitude",
                        "type": "DECIMAL",
                        "precision": 10,
                        "scale": 5
                    },
                    {
                        "name": "Longitude",
                        "type": "DECIMAL",
                        "precision": 10,
                        "scale": 5
                    },
                    {
                        "name": "ISO2",
                        "type": "UTF8"
                    },
                    {
                        "name": "ISO3",
                        "type": "UTF8"
                    },
                    {
                        "name": "Country_Region",
                        "type": "UTF8"
                    },
                    {
                        "name": "load_time",
                        "type": "INT96"
                    }
                ]
            },
            "dependsOn": []
        },
        {
            "name": "[concat(parameters('factoryName'), '/SQLDates')]",
            "type": "Microsoft.DataFactory/factories/datasets",
            "apiVersion": "2018-06-01",
            "properties": {
                "linkedServiceName": {
                    "referenceName": "AzureSqlDatabase1",
                    "type": "LinkedServiceReference"
                },
                "annotations": [],
                "type": "AzureSqlTable",
                "schema": [
                    {
                        "name": "DateKey",
                        "type": "int",
                        "precision": 10
                    },
                    {
                        "name": "FullDate",
                        "type": "date"
                    },
                    {
                        "name": "isWeekDay",
                        "type": "bit"
                    },
                    {
                        "name": "DayOfWeek",
                        "type": "int",
                        "precision": 10
                    },
                    {
                        "name": "DayOfMonth",
                        "type": "int",
                        "precision": 10
                    },
                    {
                        "name": "DayOfQuarter",
                        "type": "int",
                        "precision": 10
                    },
                    {
                        "name": "DayOfYear",
                        "type": "int",
                        "precision": 10
                    },
                    {
                        "name": "DayName",
                        "type": "varchar"
                    },
                    {
                        "name": "WeekOfYear",
                        "type": "int",
                        "precision": 10
                    },
                    {
                        "name": "WeekName",
                        "type": "varchar"
                    },
                    {
                        "name": "MonthOfYear",
                        "type": "int",
                        "precision": 10
                    },
                    {
                        "name": "MonthName",
                        "type": "varchar"
                    },
                    {
                        "name": "CalendarQuarter",
                        "type": "int",
                        "precision": 10
                    },
                    {
                        "name": "CalendarQuarterName",
                        "type": "varchar"
                    },
                    {
                        "name": "CalendarYear",
                        "type": "int",
                        "precision": 10
                    },
                    {
                        "name": "FiscalMonth",
                        "type": "int",
                        "precision": 10
                    },
                    {
                        "name": "FiscalMonthName",
                        "type": "varchar"
                    },
                    {
                        "name": "FiscalQuarter",
                        "type": "int",
                        "precision": 10
                    },
                    {
                        "name": "FiscalQuarterName",
                        "type": "varchar"
                    },
                    {
                        "name": "FiscalYear",
                        "type": "int",
                        "precision": 10
                    }
                ],
                "typeProperties": {
                    "schema": "dbo",
                    "table": "Dates"
                }
            },
            "dependsOn": []
        },
        {
            "name": "[concat(parameters('factoryName'), '/SQLDates_Src')]",
            "type": "Microsoft.DataFactory/factories/datasets",
            "apiVersion": "2018-06-01",
            "properties": {
                "linkedServiceName": {
                    "referenceName": "AzureDataLakeStorage5",
                    "type": "LinkedServiceReference"
                },
                "annotations": [],
                "type": "Parquet",
                "typeProperties": {
                    "location": {
                        "type": "AzureBlobFSLocation",
                        "fileName": "dbo.Dates.parquet",
                        "fileSystem": "azuresqldb"
                    },
                    "compressionCodec": "snappy"
                },
                "schema": [
                    {
                        "name": "Country",
                        "type": "UTF8"
                    },
                    {
                        "name": "CountryCode",
                        "type": "UTF8"
                    },
                    {
                        "name": "Latitude",
                        "type": "DECIMAL",
                        "precision": 10,
                        "scale": 5
                    },
                    {
                        "name": "Longitude",
                        "type": "DECIMAL",
                        "precision": 10,
                        "scale": 5
                    }
                ]
            },
            "dependsOn": []
        },
        {
            "name": "[concat(parameters('factoryName'), '/VMCountrySrc')]",
            "type": "Microsoft.DataFactory/factories/datasets",
            "apiVersion": "2018-06-01",
            "properties": {
                "linkedServiceName": {
                    "referenceName": "AzureDataLakeStorage6",
                    "type": "LinkedServiceReference"
                },
                "annotations": [],
                "type": "Parquet",
                "typeProperties": {
                    "location": {
                        "type": "AzureBlobFSLocation",
                        "fileName": "dbo.Country.parquet",
                        "fileSystem": "virtualmachine"
                    },
                    "compressionCodec": "snappy"
                },
                "schema": []
            },
            "dependsOn": []
        },
        {
            "name": "[concat(parameters('factoryName'), '/VMCovid_MetricsSrc')]",
            "type": "Microsoft.DataFactory/factories/datasets",
            "apiVersion": "2018-06-01",
            "properties": {
                "linkedServiceName": {
                    "referenceName": "AzureDataLakeStorage3",
                    "type": "LinkedServiceReference"
                },
                "annotations": [],
                "type": "Parquet",
                "typeProperties": {
                    "location": {
                        "type": "AzureBlobFSLocation",
                        "fileName": "dbo.Covid19_Metrics.parquet",
                        "fileSystem": "virtualmachine"
                    },
                    "compressionCodec": "snappy"
                },
                "schema": [
                    {
                        "name": "ID",
                        "type": "INT32"
                    },
                    {
                        "name": "Updated",
                        "type": "DATE"
                    },
                    {
                        "name": "Confirmed",
                        "type": "INT32"
                    },
                    {
                        "name": "Confirmed_Change",
                        "type": "INT32"
                    },
                    {
                        "name": "Deaths",
                        "type": "INT32"
                    },
                    {
                        "name": "Deaths_Change",
                        "type": "INT32"
                    },
                    {
                        "name": "Recovered",
                        "type": "INT32"
                    },
                    {
                        "name": "Recovered_Change",
                        "type": "INT32"
                    },
                    {
                        "name": "Latitude",
                        "type": "DECIMAL",
                        "precision": 10,
                        "scale": 5
                    },
                    {
                        "name": "Longitude",
                        "type": "DECIMAL",
                        "precision": 10,
                        "scale": 5
                    },
                    {
                        "name": "ISO2",
                        "type": "UTF8"
                    },
                    {
                        "name": "ISO3",
                        "type": "UTF8"
                    },
                    {
                        "name": "Country_Region",
                        "type": "UTF8"
                    },
                    {
                        "name": "load_time",
                        "type": "INT96"
                    }
                ]
            },
            "dependsOn": []
        },
        {
            "name": "[concat(parameters('factoryName'), '/VMDatesSrc')]",
            "type": "Microsoft.DataFactory/factories/datasets",
            "apiVersion": "2018-06-01",
            "properties": {
                "linkedServiceName": {
                    "referenceName": "AzureDataLakeStorage4",
                    "type": "LinkedServiceReference"
                },
                "annotations": [],
                "type": "Parquet",
                "typeProperties": {
                    "location": {
                        "type": "AzureBlobFSLocation",
                        "fileName": "dbo.Dates.parquet",
                        "fileSystem": "virtualmachine"
                    },
                    "compressionCodec": "snappy"
                },
                "schema": []
            },
            "dependsOn": []
        },
        {
            "name": "[concat(parameters('factoryName'), '/AzureDataLakeStorage2')]",
            "type": "Microsoft.DataFactory/factories/linkedServices",
            "apiVersion": "2018-06-01",
            "properties": {
                "annotations": [],
                "type": "AzureBlobFS",
                "typeProperties": {
                    "url": "[parameters('AzureDataLakeStorage2_properties_typeProperties_url')]",
                    "accountKey": {
                        "type": "SecureString",
                        "value": "[parameters('AzureDataLakeStorage2_accountKey')]"
                    }
                },
                "connectVia": {
                    "referenceName": "integrationRuntime1",
                    "type": "IntegrationRuntimeReference"
                }
            },
            "dependsOn": []
        },
        {
            "name": "[concat(parameters('factoryName'), '/SqlServer1')]",
            "type": "Microsoft.DataFactory/factories/linkedServices",
            "apiVersion": "2018-06-01",
            "properties": {
                "annotations": [],
                "type": "SqlServer",
                "typeProperties": {
                    "connectionString": "[parameters('SqlServer1_connectionString')]"
                },
                "connectVia": {
                    "referenceName": "integrationRuntime1",
                    "type": "IntegrationRuntimeReference"
                }
            },
            "dependsOn": []
        },
        {
            "name": "[concat(parameters('factoryName'), '/ExternalDataPop')]",
            "type": "Microsoft.DataFactory/factories/pipelines",
            "apiVersion": "2018-06-01",
            "properties": {
                "activities": [
                    {
                        "name": "Copy data3",
                        "type": "Copy",
                        "dependsOn": [
                            {
                                "activity": "Copy data5",
                                "dependencyConditions": [
                                    "Completed"
                                ]
                            }
                        ],
                        "policy": {
                            "timeout": "0.12:00:00",
                            "retry": 0,
                            "retryIntervalInSeconds": 30,
                            "secureOutput": false,
                            "secureInput": false
                        },
                        "userProperties": [],
                        "typeProperties": {
                            "source": {
                                "type": "DelimitedTextSource",
                                "storeSettings": {
                                    "type": "AzureBlobStorageReadSettings",
                                    "recursive": true,
                                    "enablePartitionDiscovery": false
                                },
                                "formatSettings": {
                                    "type": "DelimitedTextReadSettings"
                                }
                            },
                            "sink": {
                                "type": "ParquetSink",
                                "storeSettings": {
                                    "type": "AzureBlobFSWriteSettings"
                                },
                                "formatSettings": {
                                    "type": "ParquetWriteSettings"
                                }
                            },
                            "enableStaging": false,
                            "translator": {
                                "type": "TabularTranslator",
                                "typeConversion": true,
                                "typeConversionSettings": {
                                    "allowDataTruncation": true,
                                    "treatBooleanAsNumber": false
                                }
                            }
                        },
                        "inputs": [
                            {
                                "referenceName": "DelimitedText2",
                                "type": "DatasetReference",
                                "parameters": {}
                            }
                        ],
                        "outputs": [
                            {
                                "referenceName": "Parquet12",
                                "type": "DatasetReference",
                                "parameters": {}
                            }
                        ]
                    },
                    {
                        "name": "Copy data4",
                        "type": "Copy",
                        "dependsOn": [],
                        "policy": {
                            "timeout": "0.12:00:00",
                            "retry": 0,
                            "retryIntervalInSeconds": 30,
                            "secureOutput": false,
                            "secureInput": false
                        },
                        "userProperties": [],
                        "typeProperties": {
                            "source": {
                                "type": "BinarySource",
                                "storeSettings": {
                                    "type": "HttpReadSettings",
                                    "requestMethod": "GET"
                                },
                                "formatSettings": {
                                    "type": "BinaryReadSettings"
                                }
                            },
                            "sink": {
                                "type": "BinarySink",
                                "storeSettings": {
                                    "type": "AzureBlobStorageWriteSettings"
                                }
                            },
                            "enableStaging": false
                        },
                        "inputs": [
                            {
                                "referenceName": "Binary1",
                                "type": "DatasetReference",
                                "parameters": {}
                            }
                        ],
                        "outputs": [
                            {
                                "referenceName": "Binary2",
                                "type": "DatasetReference",
                                "parameters": {}
                            }
                        ]
                    },
                    {
                        "name": "Copy data5",
                        "type": "Copy",
                        "dependsOn": [
                            {
                                "activity": "Copy data4",
                                "dependencyConditions": [
                                    "Completed"
                                ]
                            }
                        ],
                        "policy": {
                            "timeout": "0.12:00:00",
                            "retry": 0,
                            "retryIntervalInSeconds": 30,
                            "secureOutput": false,
                            "secureInput": false
                        },
                        "userProperties": [],
                        "typeProperties": {
                            "source": {
                                "type": "BinarySource",
                                "storeSettings": {
                                    "type": "AzureBlobStorageReadSettings",
                                    "recursive": true
                                },
                                "formatSettings": {
                                    "type": "BinaryReadSettings"
                                }
                            },
                            "sink": {
                                "type": "BinarySink",
                                "storeSettings": {
                                    "type": "AzureBlobStorageWriteSettings"
                                }
                            },
                            "enableStaging": false
                        },
                        "inputs": [
                            {
                                "referenceName": "Binary2",
                                "type": "DatasetReference",
                                "parameters": {}
                            }
                        ],
                        "outputs": [
                            {
                                "referenceName": "Binary3",
                                "type": "DatasetReference",
                                "parameters": {}
                            }
                        ]
                    }
                ],
                "policy": {
                    "elapsedTimeMetric": {}
                },
                "annotations": [],
                "lastPublishTime": "2024-04-24T16:12:29Z"
            },
            "dependsOn": []
        },
        {
            "name": "[concat(parameters('factoryName'), '/ExternalDateTemp')]",
            "type": "Microsoft.DataFactory/factories/pipelines",
            "apiVersion": "2018-06-01",
            "properties": {
                "activities": [
                    {
                        "name": "Copy data1",
                        "type": "Copy",
                        "dependsOn": [],
                        "policy": {
                            "timeout": "0.12:00:00",
                            "retry": 0,
                            "retryIntervalInSeconds": 30,
                            "secureOutput": false,
                            "secureInput": false
                        },
                        "userProperties": [],
                        "typeProperties": {
                            "source": {
                                "type": "BinarySource",
                                "storeSettings": {
                                    "type": "HttpReadSettings",
                                    "requestMethod": "GET"
                                },
                                "formatSettings": {
                                    "type": "BinaryReadSettings"
                                }
                            },
                            "sink": {
                                "type": "BinarySink",
                                "storeSettings": {
                                    "type": "AzureBlobStorageWriteSettings"
                                }
                            },
                            "enableStaging": false
                        },
                        "inputs": [
                            {
                                "referenceName": "Binary1",
                                "type": "DatasetReference",
                                "parameters": {}
                            }
                        ],
                        "outputs": [
                            {
                                "referenceName": "Binary2",
                                "type": "DatasetReference",
                                "parameters": {}
                            }
                        ]
                    },
                    {
                        "name": "Copy data2",
                        "type": "Copy",
                        "dependsOn": [
                            {
                                "activity": "Copy data1",
                                "dependencyConditions": [
                                    "Completed"
                                ]
                            }
                        ],
                        "policy": {
                            "timeout": "0.12:00:00",
                            "retry": 0,
                            "retryIntervalInSeconds": 30,
                            "secureOutput": false,
                            "secureInput": false
                        },
                        "userProperties": [],
                        "typeProperties": {
                            "source": {
                                "type": "BinarySource",
                                "storeSettings": {
                                    "type": "AzureBlobStorageReadSettings",
                                    "recursive": true
                                },
                                "formatSettings": {
                                    "type": "BinaryReadSettings"
                                }
                            },
                            "sink": {
                                "type": "BinarySink",
                                "storeSettings": {
                                    "type": "AzureBlobStorageWriteSettings"
                                }
                            },
                            "enableStaging": false
                        },
                        "inputs": [
                            {
                                "referenceName": "Binary2",
                                "type": "DatasetReference",
                                "parameters": {}
                            }
                        ],
                        "outputs": [
                            {
                                "referenceName": "Binary4",
                                "type": "DatasetReference",
                                "parameters": {}
                            }
                        ]
                    },
                    {
                        "name": "Copy data3",
                        "type": "Copy",
                        "dependsOn": [
                            {
                                "activity": "Copy data2",
                                "dependencyConditions": [
                                    "Completed"
                                ]
                            }
                        ],
                        "policy": {
                            "timeout": "0.12:00:00",
                            "retry": 0,
                            "retryIntervalInSeconds": 30,
                            "secureOutput": false,
                            "secureInput": false
                        },
                        "userProperties": [],
                        "typeProperties": {
                            "source": {
                                "type": "DelimitedTextSource",
                                "storeSettings": {
                                    "type": "AzureBlobStorageReadSettings",
                                    "recursive": true,
                                    "enablePartitionDiscovery": false
                                },
                                "formatSettings": {
                                    "type": "DelimitedTextReadSettings"
                                }
                            },
                            "sink": {
                                "type": "ParquetSink",
                                "storeSettings": {
                                    "type": "AzureBlobStorageWriteSettings"
                                },
                                "formatSettings": {
                                    "type": "ParquetWriteSettings"
                                }
                            },
                            "enableStaging": false,
                            "translator": {
                                "type": "TabularTranslator",
                                "typeConversion": true,
                                "typeConversionSettings": {
                                    "allowDataTruncation": true,
                                    "treatBooleanAsNumber": false
                                }
                            }
                        },
                        "inputs": [
                            {
                                "referenceName": "DelimitedText2",
                                "type": "DatasetReference",
                                "parameters": {}
                            }
                        ],
                        "outputs": [
                            {
                                "referenceName": "Parquet13",
                                "type": "DatasetReference",
                                "parameters": {}
                            }
                        ]
                    }
                ],
                "policy": {
                    "elapsedTimeMetric": {}
                },
                "annotations": [],
                "lastPublishTime": "2024-04-24T16:08:07Z"
            },
            "dependsOn": []
        },
        {
            "name": "[concat(parameters('factoryName'), '/pipeline1')]",
            "type": "Microsoft.DataFactory/factories/pipelines",
            "apiVersion": "2018-06-01",
            "properties": {
                "activities": [
                    {
                        "name": "Copy data1",
                        "type": "Copy",
                        "dependsOn": [],
                        "policy": {
                            "timeout": "0.12:00:00",
                            "retry": 0,
                            "retryIntervalInSeconds": 30,
                            "secureOutput": false,
                            "secureInput": false
                        },
                        "userProperties": [],
                        "typeProperties": {
                            "source": {
                                "type": "CosmosDbSqlApiSource",
                                "preferredRegions": []
                            },
                            "sink": {
                                "type": "ParquetSink",
                                "storeSettings": {
                                    "type": "AzureBlobFSWriteSettings"
                                },
                                "formatSettings": {
                                    "type": "ParquetWriteSettings"
                                }
                            },
                            "enableStaging": false,
                            "enableSkipIncompatibleRow": false,
                            "translator": {
                                "type": "TabularTranslator",
                                "mappings": [
                                    {
                                        "source": {
                                            "path": "$['CountryName']"
                                        },
                                        "sink": {
                                            "name": "CountryName",
                                            "type": "String"
                                        }
                                    },
                                    {
                                        "source": {
                                            "path": "$['CountryCode']"
                                        },
                                        "sink": {
                                            "name": "CountryCode",
                                            "type": "String"
                                        }
                                    },
                                    {
                                        "source": {
                                            "path": "$['RegionName']"
                                        },
                                        "sink": {
                                            "name": "RegionName",
                                            "type": "String"
                                        }
                                    },
                                    {
                                        "source": {
                                            "path": "$['RegionCode']"
                                        },
                                        "sink": {
                                            "name": "RegionCode",
                                            "type": "String"
                                        }
                                    },
                                    {
                                        "source": {
                                            "path": "$['Jurisdiction']"
                                        },
                                        "sink": {
                                            "name": "Jurisdiction",
                                            "type": "String"
                                        }
                                    },
                                    {
                                        "source": {
                                            "path": "$['Date']"
                                        },
                                        "sink": {
                                            "name": "Date",
                                            "type": "Date"
                                        }
                                    },
                                    {
                                        "source": {
                                            "path": "$['C1_School closing']"
                                        },
                                        "sink": {
                                            "name": "C1_SchoolClosing",
                                            "type": "Double"
                                        }
                                    },
                                    {
                                        "source": {
                                            "path": "$['C1_Flag']"
                                        },
                                        "sink": {
                                            "name": "C1_Flag",
                                            "type": "Double"
                                        }
                                    },
                                    {
                                        "source": {
                                            "path": "$['C2_Workplace closing']"
                                        },
                                        "sink": {
                                            "name": "C2_WorkplaceClosing",
                                            "type": "Double"
                                        }
                                    },
                                    {
                                        "source": {
                                            "path": "$['C2_Flag']"
                                        },
                                        "sink": {
                                            "name": "C2_Flag",
                                            "type": "Double"
                                        }
                                    },
                                    {
                                        "source": {
                                            "path": "$['C3_Cancel public events']"
                                        },
                                        "sink": {
                                            "name": "C3_CancelPublicEvents",
                                            "type": "Double"
                                        }
                                    },
                                    {
                                        "source": {
                                            "path": "$['C3_Flag']"
                                        },
                                        "sink": {
                                            "name": "C3_Flag",
                                            "type": "Double"
                                        }
                                    },
                                    {
                                        "source": {
                                            "path": "$['C4_Restrictions on gatherings']"
                                        },
                                        "sink": {
                                            "name": "C4_RestrictionsOnGatherings",
                                            "type": "Double"
                                        }
                                    },
                                    {
                                        "source": {
                                            "path": "$['C4_Flag']"
                                        },
                                        "sink": {
                                            "name": "C4_Flag",
                                            "type": "Double"
                                        }
                                    },
                                    {
                                        "source": {
                                            "path": "$['C5_Close public transport']"
                                        },
                                        "sink": {
                                            "name": "C5_ClosePublicTransport",
                                            "type": "Double"
                                        }
                                    },
                                    {
                                        "source": {
                                            "path": "$['C5_Flag']"
                                        },
                                        "sink": {
                                            "name": "C5_Flag",
                                            "type": "Double"
                                        }
                                    },
                                    {
                                        "source": {
                                            "path": "$['C6_Stay at home requirements']"
                                        },
                                        "sink": {
                                            "name": "C6_StayAtHomeRequirements",
                                            "type": "Double"
                                        }
                                    },
                                    {
                                        "source": {
                                            "path": "$['C6_Flag']"
                                        },
                                        "sink": {
                                            "name": "C6_Flag",
                                            "type": "Double"
                                        }
                                    },
                                    {
                                        "source": {
                                            "path": "$['C7_Restrictions on internal movement']"
                                        },
                                        "sink": {
                                            "name": "C7_RestrictionsOnInternalMovement",
                                            "type": "Double"
                                        }
                                    },
                                    {
                                        "source": {
                                            "path": "$['C7_Flag']"
                                        },
                                        "sink": {
                                            "name": "C7_Flag",
                                            "type": "Double"
                                        }
                                    },
                                    {
                                        "source": {
                                            "path": "$['C8_International travel controls']"
                                        },
                                        "sink": {
                                            "name": "C8_InternationalTravelControls",
                                            "type": "Double"
                                        }
                                    },
                                    {
                                        "source": {
                                            "path": "$['E1_Income support']"
                                        },
                                        "sink": {
                                            "name": "E1_IncomeSupport",
                                            "type": "Double"
                                        }
                                    },
                                    {
                                        "source": {
                                            "path": "$['E1_Flag']"
                                        },
                                        "sink": {
                                            "name": "E1_Flag",
                                            "type": "Double"
                                        }
                                    },
                                    {
                                        "source": {
                                            "path": "$['E2_Debt contract relief']"
                                        },
                                        "sink": {
                                            "name": "E2_DebtContractRelief",
                                            "type": "Double"
                                        }
                                    },
                                    {
                                        "source": {
                                            "path": "$['E3_Fiscal measures']"
                                        },
                                        "sink": {
                                            "name": "E3_FiscalMeasures",
                                            "type": "Double"
                                        }
                                    },
                                    {
                                        "source": {
                                            "path": "$['E4_International support']"
                                        },
                                        "sink": {
                                            "name": "E4_InternationalSupport",
                                            "type": "Double"
                                        }
                                    },
                                    {
                                        "source": {
                                            "path": "$['H1_Public information campaigns']"
                                        },
                                        "sink": {
                                            "name": "H1_PublicinformationCampaigns",
                                            "type": "Double"
                                        }
                                    },
                                    {
                                        "source": {
                                            "path": "$['H1_Flag']"
                                        },
                                        "sink": {
                                            "name": "H1_Flag",
                                            "type": "Double"
                                        }
                                    },
                                    {
                                        "source": {
                                            "path": "$['H2_Testing policy']"
                                        },
                                        "sink": {
                                            "name": "H2_TestingPolicy",
                                            "type": "Double"
                                        }
                                    },
                                    {
                                        "source": {
                                            "path": "$['H3_Contact tracing']"
                                        },
                                        "sink": {
                                            "name": "H3_ContactTracing",
                                            "type": "Double"
                                        }
                                    },
                                    {
                                        "source": {
                                            "path": "$['H4_Emergency investment in healthcare']"
                                        },
                                        "sink": {
                                            "name": "H4_EmergencyInvestmentInHealthcare",
                                            "type": "Double"
                                        }
                                    },
                                    {
                                        "source": {
                                            "path": "$['H5_Investment in vaccines']"
                                        },
                                        "sink": {
                                            "name": "H5_InvestmentInVaccines",
                                            "type": "Double"
                                        }
                                    },
                                    {
                                        "source": {
                                            "path": "$['H6_Facial Coverings']"
                                        },
                                        "sink": {
                                            "name": "H6_FacialCoverings",
                                            "type": "Double"
                                        }
                                    },
                                    {
                                        "source": {
                                            "path": "$['H6_Flag']"
                                        },
                                        "sink": {
                                            "name": "H6_Flag",
                                            "type": "Double"
                                        }
                                    },
                                    {
                                        "source": {
                                            "path": "$['H7_Vaccination policy']"
                                        },
                                        "sink": {
                                            "name": "H7_VaccinationPolicy",
                                            "type": "Double"
                                        }
                                    },
                                    {
                                        "source": {
                                            "path": "$['H7_Flag']"
                                        },
                                        "sink": {
                                            "name": "H7_Flag",
                                            "type": "Double"
                                        }
                                    },
                                    {
                                        "source": {
                                            "path": "$['H8_Protection of elderly people']"
                                        },
                                        "sink": {
                                            "name": "H8_ProtectionOfElderlyPeople",
                                            "type": "Double"
                                        }
                                    },
                                    {
                                        "source": {
                                            "path": "$['H8_Flag']"
                                        },
                                        "sink": {
                                            "name": "H8_Flag",
                                            "type": "Double"
                                        }
                                    },
                                    {
                                        "source": {
                                            "path": "$['M1_Wildcard']"
                                        },
                                        "sink": {
                                            "name": "M1_Wildcard",
                                            "type": "Double"
                                        }
                                    },
                                    {
                                        "source": {
                                            "path": "$['StringencyIndex']"
                                        },
                                        "sink": {
                                            "name": "StringencyIndex",
                                            "type": "Double"
                                        }
                                    },
                                    {
                                        "source": {
                                            "path": "$['StringencyIndexForDisplay']"
                                        },
                                        "sink": {
                                            "name": "StringencyIndexForDisplay",
                                            "type": "Double"
                                        }
                                    },
                                    {
                                        "source": {
                                            "path": "$['StringencyLegacyIndex']"
                                        },
                                        "sink": {
                                            "name": "StringencyLegacyIndex",
                                            "type": "Double"
                                        }
                                    },
                                    {
                                        "source": {
                                            "path": "$['StringencyLegacyIndexForDisplay']"
                                        },
                                        "sink": {
                                            "name": "StringencyLegacyIndexForDisplay",
                                            "type": "Double"
                                        }
                                    },
                                    {
                                        "source": {
                                            "path": "$['GovernmentResponseIndex']"
                                        },
                                        "sink": {
                                            "name": "GovernmentResponseIndex",
                                            "type": "Double"
                                        }
                                    },
                                    {
                                        "source": {
                                            "path": "$['GovernmentResponseIndexForDisplay']"
                                        },
                                        "sink": {
                                            "name": "GovernmentResponseIndexForDisplay",
                                            "type": "Double"
                                        }
                                    },
                                    {
                                        "source": {
                                            "path": "$['ContainmentHealthIndex']"
                                        },
                                        "sink": {
                                            "name": "ContainmentHealthIndex",
                                            "type": "Double"
                                        }
                                    },
                                    {
                                        "source": {
                                            "path": "$['ContainmentHealthIndexForDisplay']"
                                        },
                                        "sink": {
                                            "name": "ContainmentHealthIndexForDisplay",
                                            "type": "Double"
                                        }
                                    },
                                    {
                                        "source": {
                                            "path": "$['EconomicSupportIndex']"
                                        },
                                        "sink": {
                                            "name": "EconomicSupportIndex",
                                            "type": "Double"
                                        }
                                    },
                                    {
                                        "source": {
                                            "path": "$['EconomicSupportIndexForDisplay']"
                                        },
                                        "sink": {
                                            "name": "EconomicSupportIndexForDisplay",
                                            "type": "Double"
                                        }
                                    }
                                ]
                            }
                        },
                        "inputs": [
                            {
                                "referenceName": "CosmosPolicy",
                                "type": "DatasetReference",
                                "parameters": {}
                            }
                        ],
                        "outputs": [
                            {
                                "referenceName": "CosmosPolicySrc",
                                "type": "DatasetReference",
                                "parameters": {}
                            }
                        ]
                    }
                ],
                "policy": {
                    "elapsedTimeMetric": {}
                },
                "annotations": [],
                "lastPublishTime": "2024-04-17T18:56:43Z"
            },
            "dependsOn": []
        },
        {
            "name": "[concat(parameters('factoryName'), '/pipeline5')]",
            "type": "Microsoft.DataFactory/factories/pipelines",
            "apiVersion": "2018-06-01",
            "properties": {
                "activities": [
                    {
                        "name": "Copy data1",
                        "type": "Copy",
                        "dependsOn": [],
                        "policy": {
                            "timeout": "0.12:00:00",
                            "retry": 0,
                            "retryIntervalInSeconds": 30,
                            "secureOutput": false,
                            "secureInput": false
                        },
                        "userProperties": [],
                        "typeProperties": {
                            "source": {
                                "type": "AzureSqlSource",
                                "queryTimeout": "02:00:00",
                                "partitionOption": "None"
                            },
                            "sink": {
                                "type": "ParquetSink",
                                "storeSettings": {
                                    "type": "AzureBlobFSWriteSettings"
                                },
                                "formatSettings": {
                                    "type": "ParquetWriteSettings"
                                }
                            },
                            "enableStaging": false,
                            "translator": {
                                "type": "TabularTranslator",
                                "typeConversion": true,
                                "typeConversionSettings": {
                                    "allowDataTruncation": true,
                                    "treatBooleanAsNumber": false
                                }
                            }
                        },
                        "inputs": [
                            {
                                "referenceName": "SQLCountry",
                                "type": "DatasetReference",
                                "parameters": {}
                            }
                        ],
                        "outputs": [
                            {
                                "referenceName": "SQLCountrySrc",
                                "type": "DatasetReference",
                                "parameters": {}
                            }
                        ]
                    },
                    {
                        "name": "Copy data2",
                        "type": "Copy",
                        "dependsOn": [],
                        "policy": {
                            "timeout": "0.12:00:00",
                            "retry": 0,
                            "retryIntervalInSeconds": 30,
                            "secureOutput": false,
                            "secureInput": false
                        },
                        "userProperties": [],
                        "typeProperties": {
                            "source": {
                                "type": "AzureSqlSource",
                                "queryTimeout": "02:00:00",
                                "partitionOption": "None"
                            },
                            "sink": {
                                "type": "ParquetSink",
                                "storeSettings": {
                                    "type": "AzureBlobFSWriteSettings"
                                },
                                "formatSettings": {
                                    "type": "ParquetWriteSettings"
                                }
                            },
                            "enableStaging": false,
                            "translator": {
                                "type": "TabularTranslator",
                                "typeConversion": true,
                                "typeConversionSettings": {
                                    "allowDataTruncation": true,
                                    "treatBooleanAsNumber": false
                                }
                            }
                        },
                        "inputs": [
                            {
                                "referenceName": "SQLCovid_Metrics",
                                "type": "DatasetReference",
                                "parameters": {}
                            }
                        ],
                        "outputs": [
                            {
                                "referenceName": "SQLCovid_MetricsSrc",
                                "type": "DatasetReference",
                                "parameters": {}
                            }
                        ]
                    },
                    {
                        "name": "Copy data3",
                        "type": "Copy",
                        "dependsOn": [],
                        "policy": {
                            "timeout": "0.12:00:00",
                            "retry": 0,
                            "retryIntervalInSeconds": 30,
                            "secureOutput": false,
                            "secureInput": false
                        },
                        "userProperties": [],
                        "typeProperties": {
                            "source": {
                                "type": "AzureSqlSource",
                                "queryTimeout": "02:00:00",
                                "partitionOption": "None"
                            },
                            "sink": {
                                "type": "ParquetSink",
                                "storeSettings": {
                                    "type": "AzureBlobFSWriteSettings"
                                },
                                "formatSettings": {
                                    "type": "ParquetWriteSettings"
                                }
                            },
                            "enableStaging": false,
                            "translator": {
                                "type": "TabularTranslator",
                                "typeConversion": true,
                                "typeConversionSettings": {
                                    "allowDataTruncation": true,
                                    "treatBooleanAsNumber": false
                                }
                            }
                        },
                        "inputs": [
                            {
                                "referenceName": "SQLDates",
                                "type": "DatasetReference",
                                "parameters": {}
                            }
                        ],
                        "outputs": [
                            {
                                "referenceName": "SQLDates_Src",
                                "type": "DatasetReference",
                                "parameters": {}
                            }
                        ]
                    }
                ],
                "policy": {
                    "elapsedTimeMetric": {}
                },
                "annotations": [],
                "lastPublishTime": "2024-04-05T18:03:47Z"
            },
            "dependsOn": [
                "[concat(variables('factoryId'), '/datasets/SQLCountrySrc')]",
                "[concat(variables('factoryId'), '/datasets/SQLCovid_Metrics')]",
                "[concat(variables('factoryId'), '/datasets/SQLCovid_MetricsSrc')]",
                "[concat(variables('factoryId'), '/datasets/SQLDates')]",
                "[concat(variables('factoryId'), '/datasets/SQLDates_Src')]"
            ]
        },
        {
            "name": "[concat(parameters('factoryName'), '/SqlServerTable1')]",
            "type": "Microsoft.DataFactory/factories/datasets",
            "apiVersion": "2018-06-01",
            "properties": {
                "linkedServiceName": {
                    "referenceName": "SqlServer1",
                    "type": "LinkedServiceReference"
                },
                "annotations": [],
                "type": "SqlServerTable",
                "schema": [
                    {
                        "name": "Country",
                        "type": "varchar"
                    },
                    {
                        "name": "CountryCode",
                        "type": "varchar"
                    },
                    {
                        "name": "Latitude",
                        "type": "decimal",
                        "precision": 10,
                        "scale": 5
                    },
                    {
                        "name": "Longitude",
                        "type": "decimal",
                        "precision": 10,
                        "scale": 5
                    }
                ],
                "typeProperties": {
                    "schema": "dbo",
                    "table": "Country"
                }
            },
            "dependsOn": [
                "[concat(variables('factoryId'), '/linkedServices/SqlServer1')]"
            ]
        },
        {
            "name": "[concat(parameters('factoryName'), '/SqlServerTable2')]",
            "type": "Microsoft.DataFactory/factories/datasets",
            "apiVersion": "2018-06-01",
            "properties": {
                "linkedServiceName": {
                    "referenceName": "SqlServer1",
                    "type": "LinkedServiceReference"
                },
                "annotations": [],
                "type": "SqlServerTable",
                "schema": [
                    {
                        "name": "ID",
                        "type": "int",
                        "precision": 10
                    },
                    {
                        "name": "Updated",
                        "type": "date"
                    },
                    {
                        "name": "Confirmed",
                        "type": "int",
                        "precision": 10
                    },
                    {
                        "name": "Confirmed_Change",
                        "type": "int",
                        "precision": 10
                    },
                    {
                        "name": "Deaths",
                        "type": "int",
                        "precision": 10
                    },
                    {
                        "name": "Deaths_Change",
                        "type": "int",
                        "precision": 10
                    },
                    {
                        "name": "Recovered",
                        "type": "int",
                        "precision": 10
                    },
                    {
                        "name": "Recovered_Change",
                        "type": "int",
                        "precision": 10
                    },
                    {
                        "name": "Latitude",
                        "type": "decimal",
                        "precision": 10,
                        "scale": 5
                    },
                    {
                        "name": "Longitude",
                        "type": "decimal",
                        "precision": 10,
                        "scale": 5
                    },
                    {
                        "name": "ISO2",
                        "type": "varchar"
                    },
                    {
                        "name": "ISO3",
                        "type": "varchar"
                    },
                    {
                        "name": "Country_Region",
                        "type": "varchar"
                    },
                    {
                        "name": "load_time",
                        "type": "datetime",
                        "precision": 23,
                        "scale": 3
                    }
                ],
                "typeProperties": {
                    "schema": "dbo",
                    "table": "Covid19_Metrics"
                }
            },
            "dependsOn": [
                "[concat(variables('factoryId'), '/linkedServices/SqlServer1')]"
            ]
        },
        {
            "name": "[concat(parameters('factoryName'), '/SqlServerTable3')]",
            "type": "Microsoft.DataFactory/factories/datasets",
            "apiVersion": "2018-06-01",
            "properties": {
                "linkedServiceName": {
                    "referenceName": "SqlServer1",
                    "type": "LinkedServiceReference"
                },
                "annotations": [],
                "type": "SqlServerTable",
                "schema": [
                    {
                        "name": "DateKey",
                        "type": "int",
                        "precision": 10
                    },
                    {
                        "name": "FullDate",
                        "type": "date"
                    },
                    {
                        "name": "isWeekDay",
                        "type": "bit"
                    },
                    {
                        "name": "DayOfWeek",
                        "type": "int",
                        "precision": 10
                    },
                    {
                        "name": "DayOfMonth",
                        "type": "int",
                        "precision": 10
                    },
                    {
                        "name": "DayOfQuarter",
                        "type": "int",
                        "precision": 10
                    },
                    {
                        "name": "DayOfYear",
                        "type": "int",
                        "precision": 10
                    },
                    {
                        "name": "DayName",
                        "type": "varchar"
                    },
                    {
                        "name": "WeekOfYear",
                        "type": "int",
                        "precision": 10
                    },
                    {
                        "name": "WeekName",
                        "type": "varchar"
                    },
                    {
                        "name": "MonthOfYear",
                        "type": "int",
                        "precision": 10
                    },
                    {
                        "name": "MonthName",
                        "type": "varchar"
                    },
                    {
                        "name": "CalendarQuarter",
                        "type": "int",
                        "precision": 10
                    },
                    {
                        "name": "CalendarQuarterName",
                        "type": "varchar"
                    },
                    {
                        "name": "CalendarYear",
                        "type": "int",
                        "precision": 10
                    },
                    {
                        "name": "FiscalMonth",
                        "type": "int",
                        "precision": 10
                    },
                    {
                        "name": "FiscalMonthName",
                        "type": "varchar"
                    },
                    {
                        "name": "FiscalQuarter",
                        "type": "int",
                        "precision": 10
                    },
                    {
                        "name": "FiscalQuarterName",
                        "type": "varchar"
                    },
                    {
                        "name": "FiscalYear",
                        "type": "int",
                        "precision": 10
                    }
                ],
                "typeProperties": {
                    "schema": "dbo",
                    "table": "Dates"
                }
            },
            "dependsOn": [
                "[concat(variables('factoryId'), '/linkedServices/SqlServer1')]"
            ]
        },
        {
            "name": "[concat(parameters('factoryName'), '/DateToODS')]",
            "type": "Microsoft.DataFactory/factories/dataflows",
            "apiVersion": "2018-06-01",
            "properties": {
                "type": "MappingDataFlow",
                "typeProperties": {
                    "sources": [
                        {
                            "dataset": {
                                "referenceName": "Parquet4",
                                "type": "DatasetReference"
                            },
                            "name": "source1"
                        }
                    ],
                    "sinks": [
                        {
                            "dataset": {
                                "referenceName": "Parquet5",
                                "type": "DatasetReference"
                            },
                            "name": "sink1"
                        }
                    ],
                    "transformations": [],
                    "scriptLines": [
                        "source(output(",
                        "          DateKey as integer,",
                        "          FullDate as date,",
                        "          isWeekDay as boolean,",
                        "          DayOfWeek as integer,",
                        "          DayOfMonth as integer,",
                        "          DayOfQuarter as integer,",
                        "          DayOfYear as integer,",
                        "          DayName as string,",
                        "          WeekOfYear as integer,",
                        "          WeekName as string,",
                        "          MonthOfYear as integer,",
                        "          MonthName as string,",
                        "          CalendarQuarter as integer,",
                        "          CalendarQuarterName as string,",
                        "          CalendarYear as integer,",
                        "          FiscalMonth as integer,",
                        "          FiscalMonthName as string,",
                        "          FiscalQuarter as integer,",
                        "          FiscalQuarterName as string,",
                        "          FiscalYear as integer",
                        "     ),",
                        "     allowSchemaDrift: true,",
                        "     validateSchema: false,",
                        "     ignoreNoFilesFound: false,",
                        "     format: 'parquet') ~> source1",
                        "source1 sink(allowSchemaDrift: true,",
                        "     validateSchema: false,",
                        "     format: 'parquet',",
                        "     partitionFileNames:['Dates.parquet'],",
                        "     skipDuplicateMapInputs: true,",
                        "     skipDuplicateMapOutputs: true,",
                        "     saveOrder: 1,",
                        "     partitionBy('hash', 1),",
                        "     preCommands: [],",
                        "     postCommands: []) ~> sink1"
                    ]
                }
            },
            "dependsOn": []
        },
        {
            "name": "[concat(parameters('factoryName'), '/PolicyToODS')]",
            "type": "Microsoft.DataFactory/factories/dataflows",
            "apiVersion": "2018-06-01",
            "properties": {
                "type": "MappingDataFlow",
                "typeProperties": {
                    "sources": [
                        {
                            "dataset": {
                                "referenceName": "Parquet10",
                                "type": "DatasetReference"
                            },
                            "name": "source1"
                        }
                    ],
                    "sinks": [
                        {
                            "dataset": {
                                "referenceName": "Parquet7",
                                "type": "DatasetReference"
                            },
                            "name": "sink1"
                        }
                    ],
                    "transformations": [],
                    "scriptLines": [
                        "source(output(",
                        "          CountryName as string,",
                        "          CountryCode as string,",
                        "          RegionName as string,",
                        "          RegionCode as string,",
                        "          Jurisdiction as string,",
                        "          Date as timestamp,",
                        "          C1_SchoolClosing as double,",
                        "          C1_Flag as double,",
                        "          C2_WorkplaceClosing as double,",
                        "          C2_Flag as double,",
                        "          C3_CancelPublicEvents as double,",
                        "          C3_Flag as double,",
                        "          C4_RestrictionsOnGatherings as double,",
                        "          C4_Flag as double,",
                        "          C5_ClosePublicTransport as double,",
                        "          C5_Flag as double,",
                        "          C6_StayAtHomeRequirements as double,",
                        "          C6_Flag as double,",
                        "          C7_RestrictionsOnInternalMovement as double,",
                        "          C7_Flag as double,",
                        "          C8_InternationalTravelControls as double,",
                        "          E1_IncomeSupport as double,",
                        "          E1_Flag as double,",
                        "          E2_DebtContractRelief as double,",
                        "          E3_FiscalMeasures as double,",
                        "          E4_InternationalSupport as double,",
                        "          H1_PublicinformationCampaigns as double,",
                        "          H1_Flag as double,",
                        "          H2_TestingPolicy as double,",
                        "          H3_ContactTracing as double,",
                        "          H4_EmergencyInvestmentInHealthcare as double,",
                        "          H5_InvestmentInVaccines as double,",
                        "          H6_FacialCoverings as double,",
                        "          H6_Flag as double,",
                        "          H7_VaccinationPolicy as double,",
                        "          H7_Flag as double,",
                        "          H8_ProtectionOfElderlyPeople as double,",
                        "          H8_Flag as double,",
                        "          M1_Wildcard as double,",
                        "          StringencyIndex as double,",
                        "          StringencyIndexForDisplay as double,",
                        "          StringencyLegacyIndex as double,",
                        "          StringencyLegacyIndexForDisplay as double,",
                        "          GovernmentResponseIndex as double,",
                        "          GovernmentResponseIndexForDisplay as double,",
                        "          ContainmentHealthIndex as double,",
                        "          ContainmentHealthIndexForDisplay as double,",
                        "          EconomicSupportIndex as double,",
                        "          EconomicSupportIndexForDisplay as double",
                        "     ),",
                        "     allowSchemaDrift: true,",
                        "     validateSchema: false,",
                        "     ignoreNoFilesFound: false,",
                        "     format: 'parquet') ~> source1",
                        "source1 sink(allowSchemaDrift: true,",
                        "     validateSchema: false,",
                        "     format: 'parquet',",
                        "     partitionFileNames:['Policies.parquet'],",
                        "     skipDuplicateMapInputs: true,",
                        "     skipDuplicateMapOutputs: true,",
                        "     saveOrder: 1,",
                        "     partitionBy('hash', 1),",
                        "     preCommands: [],",
                        "     postCommands: []) ~> sink1"
                    ]
                }
            },
            "dependsOn": []
        },
        {
            "name": "[concat(parameters('factoryName'), '/dataflow1')]",
            "type": "Microsoft.DataFactory/factories/dataflows",
            "apiVersion": "2018-06-01",
            "properties": {
                "type": "MappingDataFlow",
                "typeProperties": {
                    "sources": [
                        {
                            "dataset": {
                                "referenceName": "SQLCovid_MetricsSrc",
                                "type": "DatasetReference"
                            },
                            "name": "source1"
                        },
                        {
                            "dataset": {
                                "referenceName": "VMCovid_MetricsSrc",
                                "type": "DatasetReference"
                            },
                            "name": "source2"
                        }
                    ],
                    "sinks": [
                        {
                            "dataset": {
                                "referenceName": "Parquet1",
                                "type": "DatasetReference"
                            },
                            "name": "Cases"
                        },
                        {
                            "dataset": {
                                "referenceName": "Parquet2",
                                "type": "DatasetReference"
                            },
                            "name": "Deaths"
                        },
                        {
                            "dataset": {
                                "referenceName": "Parquet3",
                                "type": "DatasetReference"
                            },
                            "name": "Recoveries"
                        }
                    ],
                    "transformations": [
                        {
                            "name": "union1"
                        },
                        {
                            "name": "select1"
                        },
                        {
                            "name": "select2"
                        },
                        {
                            "name": "select3"
                        },
                        {
                            "name": "derivedColumn1"
                        },
                        {
                            "name": "derivedColumn2"
                        }
                    ],
                    "scriptLines": [
                        "source(output(",
                        "          ID as integer,",
                        "          Updated as date,",
                        "          Confirmed as integer,",
                        "          Confirmed_Change as integer,",
                        "          Deaths as integer,",
                        "          Deaths_Change as integer,",
                        "          Recovered as integer,",
                        "          Recovered_Change as integer,",
                        "          Latitude as decimal(10,5),",
                        "          Longitude as decimal(10,5),",
                        "          ISO2 as string,",
                        "          ISO3 as string,",
                        "          Country_Region as string,",
                        "          load_time as timestamp",
                        "     ),",
                        "     allowSchemaDrift: true,",
                        "     validateSchema: false,",
                        "     ignoreNoFilesFound: false,",
                        "     format: 'parquet') ~> source1",
                        "source(output(",
                        "          ID as integer,",
                        "          Updated as date,",
                        "          Confirmed as integer,",
                        "          Confirmed_Change as integer,",
                        "          Deaths as integer,",
                        "          Deaths_Change as integer,",
                        "          Recovered as integer,",
                        "          Recovered_Change as integer,",
                        "          Latitude as decimal(10,5),",
                        "          Longitude as decimal(10,5),",
                        "          ISO2 as string,",
                        "          ISO3 as string,",
                        "          Country_Region as string,",
                        "          load_time as timestamp",
                        "     ),",
                        "     allowSchemaDrift: true,",
                        "     validateSchema: false,",
                        "     ignoreNoFilesFound: false,",
                        "     format: 'parquet') ~> source2",
                        "source1, source2 union(byName: true)~> union1",
                        "union1 select(mapColumn(",
                        "          CasesID = ID,",
                        "          Date = Updated,",
                        "          Confirmed,",
                        "          Confirmed_Change,",
                        "          Latitude,",
                        "          Longitude,",
                        "          ISO2,",
                        "          ISO3,",
                        "          Country_Region,",
                        "          load_time",
                        "     ),",
                        "     skipDuplicateMapInputs: true,",
                        "     skipDuplicateMapOutputs: true) ~> select1",
                        "derivedColumn1 select(mapColumn(",
                        "          DeathsID,",
                        "          Date,",
                        "          Deaths,",
                        "          Deaths_Change,",
                        "          Latitude,",
                        "          Longitude,",
                        "          ISO2,",
                        "          ISO3,",
                        "          Country_Region,",
                        "          load_time",
                        "     ),",
                        "     skipDuplicateMapInputs: true,",
                        "     skipDuplicateMapOutputs: true) ~> select2",
                        "derivedColumn2 select(mapColumn(",
                        "          RecoveriesID,",
                        "          Date = Updated,",
                        "          Recovered,",
                        "          Recovered_Change,",
                        "          Latitude,",
                        "          Longitude,",
                        "          ISO2,",
                        "          ISO3,",
                        "          Country_Region,",
                        "          load_time",
                        "     ),",
                        "     skipDuplicateMapInputs: true,",
                        "     skipDuplicateMapOutputs: true) ~> select3",
                        "union1 derive(DeathsID = ID,",
                        "          Date = Updated) ~> derivedColumn1",
                        "union1 derive(RecoveriesID = ID) ~> derivedColumn2",
                        "select1 sink(allowSchemaDrift: true,",
                        "     validateSchema: false,",
                        "     format: 'parquet',",
                        "     partitionFileNames:['Cases.parquet'],",
                        "     umask: 0022,",
                        "     preCommands: [],",
                        "     postCommands: [],",
                        "     skipDuplicateMapInputs: true,",
                        "     skipDuplicateMapOutputs: true,",
                        "     partitionBy('hash', 1)) ~> Cases",
                        "select2 sink(allowSchemaDrift: true,",
                        "     validateSchema: false,",
                        "     input(",
                        "          ID as integer,",
                        "          Updated as date,",
                        "          Confirmed as integer,",
                        "          Confirmed_Change as integer,",
                        "          Deaths as integer,",
                        "          Deaths_Change as integer,",
                        "          Recovered as integer,",
                        "          Recovered_Change as integer,",
                        "          Latitude as decimal(10,5),",
                        "          Longitude as decimal(10,5),",
                        "          ISO2 as string,",
                        "          ISO3 as string,",
                        "          Country_Region as string,",
                        "          load_time as timestamp",
                        "     ),",
                        "     format: 'parquet',",
                        "     partitionFileNames:['Deaths.parquet'],",
                        "     umask: 0022,",
                        "     preCommands: [],",
                        "     postCommands: [],",
                        "     skipDuplicateMapInputs: true,",
                        "     skipDuplicateMapOutputs: true,",
                        "     partitionBy('hash', 1)) ~> Deaths",
                        "select3 sink(allowSchemaDrift: true,",
                        "     validateSchema: false,",
                        "     input(",
                        "          ID as integer,",
                        "          Updated as date,",
                        "          Confirmed as integer,",
                        "          Confirmed_Change as integer,",
                        "          Deaths as integer,",
                        "          Deaths_Change as integer,",
                        "          Recovered as integer,",
                        "          Recovered_Change as integer,",
                        "          Latitude as decimal(10,5),",
                        "          Longitude as decimal(10,5),",
                        "          ISO2 as string,",
                        "          ISO3 as string,",
                        "          Country_Region as string,",
                        "          load_time as timestamp",
                        "     ),",
                        "     format: 'parquet',",
                        "     partitionFileNames:['Recoveries.parquet'],",
                        "     umask: 0022,",
                        "     preCommands: [],",
                        "     postCommands: [],",
                        "     skipDuplicateMapInputs: true,",
                        "     skipDuplicateMapOutputs: true,",
                        "     partitionBy('hash', 1)) ~> Recoveries"
                    ]
                }
            },
            "dependsOn": [
                "[concat(variables('factoryId'), '/datasets/SQLCovid_MetricsSrc')]",
                "[concat(variables('factoryId'), '/datasets/VMCovid_MetricsSrc')]"
            ]
        }
    ]
}