{
    "$schema": "http://schema.management.azure.com/schemas/2015-01-01/deploymentTemplate.json#",
    "contentVersion": "1.0.0.0",
    "parameters": {
        "factoryName": {
            "type": "string",
            "metadata": "Data Factory name",
            "defaultValue": "team14datafactory"
        },
        "AzureBlobStorage1_connectionString": {
            "type": "secureString",
            "metadata": "Secure string for 'connectionString' of 'AzureBlobStorage1'"
        },
        "AzureBlobStorage2_connectionString": {
            "type": "secureString",
            "metadata": "Secure string for 'connectionString' of 'AzureBlobStorage2'"
        },
        "AzureBlobStorage3_connectionString": {
            "type": "secureString",
            "metadata": "Secure string for 'connectionString' of 'AzureBlobStorage3'"
        },
        "AzureBlobStorage4_connectionString": {
            "type": "secureString",
            "metadata": "Secure string for 'connectionString' of 'AzureBlobStorage4'"
        },
        "AzureBlobStorage5_connectionString": {
            "type": "secureString",
            "metadata": "Secure string for 'connectionString' of 'AzureBlobStorage5'"
        },
        "AzureDataLakeStorage1_accountKey": {
            "type": "secureString",
            "metadata": "Secure string for 'accountKey' of 'AzureDataLakeStorage1'"
        },
        "AzureDataLakeStorage2_accountKey": {
            "type": "secureString",
            "metadata": "Secure string for 'accountKey' of 'AzureDataLakeStorage2'"
        },
        "AzureDataLakeStorage3_accountKey": {
            "type": "secureString",
            "metadata": "Secure string for 'accountKey' of 'AzureDataLakeStorage3'"
        },
        "AzureDataLakeStorage4_accountKey": {
            "type": "secureString",
            "metadata": "Secure string for 'accountKey' of 'AzureDataLakeStorage4'"
        },
        "AzureDataLakeStorage5_accountKey": {
            "type": "secureString",
            "metadata": "Secure string for 'accountKey' of 'AzureDataLakeStorage5'"
        },
        "AzureDataLakeStorage6_accountKey": {
            "type": "secureString",
            "metadata": "Secure string for 'accountKey' of 'AzureDataLakeStorage6'"
        },
        "AzureDataLakeStorage7_accountKey": {
            "type": "secureString",
            "metadata": "Secure string for 'accountKey' of 'AzureDataLakeStorage7'"
        },
        "AzureSqlDatabase1_connectionString": {
            "type": "secureString",
            "metadata": "Secure string for 'connectionString' of 'AzureSqlDatabase1'"
        },
        "Challenge2_accountKey": {
            "type": "secureString",
            "metadata": "Secure string for 'accountKey' of 'Challenge2'"
        },
        "CosmosDbNoSql1_connectionString": {
            "type": "secureString",
            "metadata": "Secure string for 'connectionString' of 'CosmosDbNoSql1'"
        },
        "SqlServer1_connectionString": {
            "type": "secureString",
            "metadata": "Secure string for 'connectionString' of 'SqlServer1'"
        },
        "AzureDataLakeStorage1_properties_typeProperties_url": {
            "type": "string",
            "defaultValue": "https://covid197o5otukgvty3w.dfs.core.windows.net/"
        },
        "AzureDataLakeStorage2_properties_typeProperties_url": {
            "type": "string",
            "defaultValue": "https://covid197o5otukgvty3w.dfs.core.windows.net/"
        },
        "AzureDataLakeStorage3_properties_typeProperties_url": {
            "type": "string",
            "defaultValue": "https://covid197o5otukgvty3w.dfs.core.windows.net/"
        },
        "AzureDataLakeStorage4_properties_typeProperties_url": {
            "type": "string",
            "defaultValue": "https://covid197o5otukgvty3w.dfs.core.windows.net/"
        },
        "AzureDataLakeStorage5_properties_typeProperties_url": {
            "type": "string",
            "defaultValue": "https://covid197o5otukgvty3w.dfs.core.windows.net/"
        },
        "AzureDataLakeStorage6_properties_typeProperties_url": {
            "type": "string",
            "defaultValue": "https://covid197o5otukgvty3w.dfs.core.windows.net/"
        },
        "AzureDataLakeStorage7_properties_typeProperties_url": {
            "type": "string",
            "defaultValue": "https://covid197o5otukgvty3w.dfs.core.windows.net/"
        },
        "Challenge2_properties_typeProperties_url": {
            "type": "string",
            "defaultValue": "https://covid197o5otukgvty3w.dfs.core.windows.net/"
        },
        "HttpServer1_properties_typeProperties_url": {
            "type": "string",
            "defaultValue": "https://api.worldbank.org/v2/en/indicator/SP.POP.TOTL?downloadformat=csv"
        },
        "HttpServer2_properties_typeProperties_url": {
            "type": "string",
            "defaultValue": "https://www.kaggle.com/datasets/palinatx/mean-temperature-for-countries-by-year-2014-2022/download?datasetVersionNumber=3"
        },
        "containerUri": {
            "type": "string",
            "metadata": "URI to storage account containing linked ARM templates"
        },
        "containerSasToken": {
            "type": "string",
            "metadata": "Sas token to storage account containing linked ARM templates"
        }
    },
    "variables": {
        "factoryId": "[concat('Microsoft.DataFactory/factories/', parameters('factoryName'))]"
    },
    "resources": [
        {
            "name": "team14datafactory_ArmTemplate_0",
            "type": "Microsoft.Resources/deployments",
            "apiVersion": "2018-02-01",
            "properties": {
                "mode": "incremental",
                "templateLink": {
                    "uri": "[concat(parameters('containerUri'), '/ArmTemplate_0.json', parameters('containerSasToken'))]",
                    "contentVersion": "1.0.0.0"
                },
                "parameters": {
                    "factoryName": {
                        "value": "[parameters('factoryName')]"
                    },
                    "AzureBlobStorage1_connectionString": {
                        "value": "[parameters('AzureBlobStorage1_connectionString')]"
                    },
                    "AzureBlobStorage2_connectionString": {
                        "value": "[parameters('AzureBlobStorage2_connectionString')]"
                    },
                    "AzureBlobStorage3_connectionString": {
                        "value": "[parameters('AzureBlobStorage3_connectionString')]"
                    },
                    "AzureBlobStorage4_connectionString": {
                        "value": "[parameters('AzureBlobStorage4_connectionString')]"
                    },
                    "AzureBlobStorage5_connectionString": {
                        "value": "[parameters('AzureBlobStorage5_connectionString')]"
                    },
                    "AzureDataLakeStorage1_accountKey": {
                        "value": "[parameters('AzureDataLakeStorage1_accountKey')]"
                    },
                    "AzureDataLakeStorage3_accountKey": {
                        "value": "[parameters('AzureDataLakeStorage3_accountKey')]"
                    },
                    "AzureDataLakeStorage4_accountKey": {
                        "value": "[parameters('AzureDataLakeStorage4_accountKey')]"
                    },
                    "AzureDataLakeStorage5_accountKey": {
                        "value": "[parameters('AzureDataLakeStorage5_accountKey')]"
                    },
                    "AzureDataLakeStorage6_accountKey": {
                        "value": "[parameters('AzureDataLakeStorage6_accountKey')]"
                    },
                    "AzureDataLakeStorage7_accountKey": {
                        "value": "[parameters('AzureDataLakeStorage7_accountKey')]"
                    },
                    "AzureSqlDatabase1_connectionString": {
                        "value": "[parameters('AzureSqlDatabase1_connectionString')]"
                    },
                    "Challenge2_accountKey": {
                        "value": "[parameters('Challenge2_accountKey')]"
                    },
                    "CosmosDbNoSql1_connectionString": {
                        "value": "[parameters('CosmosDbNoSql1_connectionString')]"
                    },
                    "AzureDataLakeStorage1_properties_typeProperties_url": {
                        "value": "[parameters('AzureDataLakeStorage1_properties_typeProperties_url')]"
                    },
                    "AzureDataLakeStorage3_properties_typeProperties_url": {
                        "value": "[parameters('AzureDataLakeStorage3_properties_typeProperties_url')]"
                    },
                    "AzureDataLakeStorage4_properties_typeProperties_url": {
                        "value": "[parameters('AzureDataLakeStorage4_properties_typeProperties_url')]"
                    },
                    "AzureDataLakeStorage5_properties_typeProperties_url": {
                        "value": "[parameters('AzureDataLakeStorage5_properties_typeProperties_url')]"
                    },
                    "AzureDataLakeStorage6_properties_typeProperties_url": {
                        "value": "[parameters('AzureDataLakeStorage6_properties_typeProperties_url')]"
                    },
                    "AzureDataLakeStorage7_properties_typeProperties_url": {
                        "value": "[parameters('AzureDataLakeStorage7_properties_typeProperties_url')]"
                    },
                    "Challenge2_properties_typeProperties_url": {
                        "value": "[parameters('Challenge2_properties_typeProperties_url')]"
                    },
                    "HttpServer1_properties_typeProperties_url": {
                        "value": "[parameters('HttpServer1_properties_typeProperties_url')]"
                    },
                    "HttpServer2_properties_typeProperties_url": {
                        "value": "[parameters('HttpServer2_properties_typeProperties_url')]"
                    }
                }
            },
            "dependsOn": []
        },
        {
            "name": "team14datafactory_ArmTemplate_1",
            "type": "Microsoft.Resources/deployments",
            "apiVersion": "2018-02-01",
            "properties": {
                "mode": "incremental",
                "templateLink": {
                    "uri": "[concat(parameters('containerUri'), '/ArmTemplate_1.json', parameters('containerSasToken'))]",
                    "contentVersion": "1.0.0.0"
                },
                "parameters": {
                    "factoryName": {
                        "value": "[parameters('factoryName')]"
                    }
                }
            },
            "dependsOn": [
                "[resourceId('Microsoft.Resources/deployments', 'team14datafactory_ArmTemplate_0')]"
            ]
        },
        {
            "name": "team14datafactory_ArmTemplate_2",
            "type": "Microsoft.Resources/deployments",
            "apiVersion": "2018-02-01",
            "properties": {
                "mode": "incremental",
                "templateLink": {
                    "uri": "[concat(parameters('containerUri'), '/ArmTemplate_2.json', parameters('containerSasToken'))]",
                    "contentVersion": "1.0.0.0"
                },
                "parameters": {
                    "factoryName": {
                        "value": "[parameters('factoryName')]"
                    },
                    "AzureDataLakeStorage2_accountKey": {
                        "value": "[parameters('AzureDataLakeStorage2_accountKey')]"
                    },
                    "SqlServer1_connectionString": {
                        "value": "[parameters('SqlServer1_connectionString')]"
                    },
                    "AzureDataLakeStorage2_properties_typeProperties_url": {
                        "value": "[parameters('AzureDataLakeStorage2_properties_typeProperties_url')]"
                    }
                }
            },
            "dependsOn": [
                "[resourceId('Microsoft.Resources/deployments', 'team14datafactory_ArmTemplate_1')]"
            ]
        },
        {
            "name": "team14datafactory_ArmTemplate_3",
            "type": "Microsoft.Resources/deployments",
            "apiVersion": "2018-02-01",
            "properties": {
                "mode": "incremental",
                "templateLink": {
                    "uri": "[concat(parameters('containerUri'), '/ArmTemplate_3.json', parameters('containerSasToken'))]",
                    "contentVersion": "1.0.0.0"
                },
                "parameters": {
                    "factoryName": {
                        "value": "[parameters('factoryName')]"
                    }
                }
            },
            "dependsOn": [
                "[resourceId('Microsoft.Resources/deployments', 'team14datafactory_ArmTemplate_2')]"
            ]
        }
    ]
}