{
    "$schema": "http://schema.management.azure.com/schemas/2015-01-01/deploymentTemplate.json#",
    "contentVersion": "1.0.0.0",
    "parameters": {
        "factoryName": {
            "type": "string",
            "metadata": "Data Factory name",
            "defaultValue": "team14datafactory"
        }
    },
    "variables": {
        "factoryId": "[concat('Microsoft.DataFactory/factories/', parameters('factoryName'))]"
    },
    "resources": [
        {
            "name": "[concat(parameters('factoryName'), '/dataflow2')]",
            "type": "Microsoft.DataFactory/factories/dataflows",
            "apiVersion": "2018-06-01",
            "properties": {
                "type": "MappingDataFlow",
                "typeProperties": {
                    "sources": [
                        {
                            "dataset": {
                                "referenceName": "SQLCountrySrc",
                                "type": "DatasetReference"
                            },
                            "name": "source1"
                        }
                    ],
                    "sinks": [
                        {
                            "dataset": {
                                "referenceName": "GeographicParquet",
                                "type": "DatasetReference"
                            },
                            "name": "sink1"
                        }
                    ],
                    "transformations": [],
                    "scriptLines": [
                        "source(output(",
                        "          Country as string,",
                        "          CountryCode as string,",
                        "          Latitude as decimal(10,5),",
                        "          Longitude as decimal(10,5)",
                        "     ),",
                        "     allowSchemaDrift: true,",
                        "     validateSchema: false,",
                        "     ignoreNoFilesFound: false,",
                        "     format: 'parquet') ~> source1",
                        "source1 sink(allowSchemaDrift: true,",
                        "     validateSchema: false,",
                        "     input(",
                        "          ID as integer,",
                        "          Updated as date,",
                        "          Confirmed as integer,",
                        "          Confirmed_Change as integer,",
                        "          Deaths as integer,",
                        "          Deaths_Change as integer,",
                        "          Recovered as integer,",
                        "          Recovered_Change as integer,",
                        "          Latitude as decimal(10,5),",
                        "          Longitude as decimal(10,5),",
                        "          ISO2 as string,",
                        "          ISO3 as string,",
                        "          Country_Region as string,",
                        "          load_time as timestamp",
                        "     ),",
                        "     format: 'parquet',",
                        "     partitionFileNames:['Geographic.parquet'],",
                        "     umask: 0022,",
                        "     preCommands: [],",
                        "     postCommands: [],",
                        "     skipDuplicateMapInputs: true,",
                        "     skipDuplicateMapOutputs: true,",
                        "     saveOrder: 1,",
                        "     partitionBy('hash', 1)) ~> sink1"
                    ]
                }
            },
            "dependsOn": []
        },
        {
            "name": "[concat(parameters('factoryName'), '/pipeline2')]",
            "type": "Microsoft.DataFactory/factories/pipelines",
            "apiVersion": "2018-06-01",
            "properties": {
                "activities": [
                    {
                        "name": "Copy data1",
                        "type": "Copy",
                        "dependsOn": [],
                        "policy": {
                            "timeout": "0.12:00:00",
                            "retry": 0,
                            "retryIntervalInSeconds": 30,
                            "secureOutput": false,
                            "secureInput": false
                        },
                        "userProperties": [],
                        "typeProperties": {
                            "source": {
                                "type": "SqlServerSource",
                                "queryTimeout": "02:00:00",
                                "partitionOption": "None"
                            },
                            "sink": {
                                "type": "ParquetSink",
                                "storeSettings": {
                                    "type": "AzureBlobFSWriteSettings"
                                },
                                "formatSettings": {
                                    "type": "ParquetWriteSettings"
                                }
                            },
                            "enableStaging": false,
                            "translator": {
                                "type": "TabularTranslator",
                                "mappings": [
                                    {
                                        "source": {
                                            "name": "Country",
                                            "type": "String",
                                            "physicalType": "varchar"
                                        },
                                        "sink": {
                                            "name": "Country",
                                            "type": "String",
                                            "physicalType": "UTF8"
                                        }
                                    },
                                    {
                                        "source": {
                                            "name": "CountryCode",
                                            "type": "String",
                                            "physicalType": "varchar"
                                        },
                                        "sink": {
                                            "name": "CountryCode",
                                            "type": "String",
                                            "physicalType": "UTF8"
                                        }
                                    },
                                    {
                                        "source": {
                                            "name": "Latitude",
                                            "type": "Decimal",
                                            "physicalType": "decimal",
                                            "scale": 5,
                                            "precision": 10
                                        },
                                        "sink": {
                                            "name": "Latitude",
                                            "type": "Decimal",
                                            "physicalType": "DECIMAL"
                                        }
                                    },
                                    {
                                        "source": {
                                            "name": "Longitude",
                                            "type": "Decimal",
                                            "physicalType": "decimal",
                                            "scale": 5,
                                            "precision": 10
                                        },
                                        "sink": {
                                            "name": "Longitude",
                                            "type": "Decimal",
                                            "physicalType": "DECIMAL"
                                        }
                                    }
                                ],
                                "typeConversion": true,
                                "typeConversionSettings": {
                                    "allowDataTruncation": true,
                                    "treatBooleanAsNumber": false
                                }
                            }
                        },
                        "inputs": [
                            {
                                "referenceName": "SqlServerTable1",
                                "type": "DatasetReference",
                                "parameters": {}
                            }
                        ],
                        "outputs": [
                            {
                                "referenceName": "VMCountrySrc",
                                "type": "DatasetReference",
                                "parameters": {}
                            }
                        ]
                    }
                ],
                "policy": {
                    "elapsedTimeMetric": {}
                },
                "annotations": [],
                "lastPublishTime": "2024-04-05T16:25:08Z"
            },
            "dependsOn": []
        },
        {
            "name": "[concat(parameters('factoryName'), '/pipeline3')]",
            "type": "Microsoft.DataFactory/factories/pipelines",
            "apiVersion": "2018-06-01",
            "properties": {
                "activities": [
                    {
                        "name": "Copy data1",
                        "type": "Copy",
                        "dependsOn": [],
                        "policy": {
                            "timeout": "0.12:00:00",
                            "retry": 0,
                            "retryIntervalInSeconds": 30,
                            "secureOutput": false,
                            "secureInput": false
                        },
                        "userProperties": [],
                        "typeProperties": {
                            "source": {
                                "type": "SqlServerSource",
                                "queryTimeout": "02:00:00",
                                "partitionOption": "None"
                            },
                            "sink": {
                                "type": "ParquetSink",
                                "storeSettings": {
                                    "type": "AzureBlobFSWriteSettings"
                                },
                                "formatSettings": {
                                    "type": "ParquetWriteSettings"
                                }
                            },
                            "enableStaging": false,
                            "translator": {
                                "type": "TabularTranslator",
                                "mappings": [
                                    {
                                        "source": {
                                            "name": "ID",
                                            "type": "Int32",
                                            "physicalType": "int"
                                        },
                                        "sink": {
                                            "name": "ID",
                                            "type": "Int32",
                                            "physicalType": "INT_32"
                                        }
                                    },
                                    {
                                        "source": {
                                            "name": "Updated",
                                            "type": "DateTime",
                                            "physicalType": "date"
                                        },
                                        "sink": {
                                            "name": "Updated",
                                            "type": "DateTime",
                                            "physicalType": "INT_96"
                                        }
                                    },
                                    {
                                        "source": {
                                            "name": "Confirmed",
                                            "type": "Int32",
                                            "physicalType": "int"
                                        },
                                        "sink": {
                                            "name": "Confirmed",
                                            "type": "Int32",
                                            "physicalType": "INT_32"
                                        }
                                    },
                                    {
                                        "source": {
                                            "name": "Confirmed_Change",
                                            "type": "Int32",
                                            "physicalType": "int"
                                        },
                                        "sink": {
                                            "name": "Confirmed_Change",
                                            "type": "Int32",
                                            "physicalType": "INT_32"
                                        }
                                    },
                                    {
                                        "source": {
                                            "name": "Deaths",
                                            "type": "Int32",
                                            "physicalType": "int"
                                        },
                                        "sink": {
                                            "name": "Deaths",
                                            "type": "Int32",
                                            "physicalType": "INT_32"
                                        }
                                    },
                                    {
                                        "source": {
                                            "name": "Deaths_Change",
                                            "type": "Int32",
                                            "physicalType": "int"
                                        },
                                        "sink": {
                                            "name": "Deaths_Change",
                                            "type": "Int32",
                                            "physicalType": "INT_32"
                                        }
                                    },
                                    {
                                        "source": {
                                            "name": "Recovered",
                                            "type": "Int32",
                                            "physicalType": "int"
                                        },
                                        "sink": {
                                            "name": "Recovered",
                                            "type": "Int32",
                                            "physicalType": "INT_32"
                                        }
                                    },
                                    {
                                        "source": {
                                            "name": "Recovered_Change",
                                            "type": "Int32",
                                            "physicalType": "int"
                                        },
                                        "sink": {
                                            "name": "Recovered_Change",
                                            "type": "Int32",
                                            "physicalType": "INT_32"
                                        }
                                    },
                                    {
                                        "source": {
                                            "name": "Latitude",
                                            "type": "Decimal",
                                            "physicalType": "decimal",
                                            "scale": 5,
                                            "precision": 10
                                        },
                                        "sink": {
                                            "name": "Latitude",
                                            "type": "Decimal",
                                            "physicalType": "DECIMAL"
                                        }
                                    },
                                    {
                                        "source": {
                                            "name": "Longitude",
                                            "type": "Decimal",
                                            "physicalType": "decimal",
                                            "scale": 5,
                                            "precision": 10
                                        },
                                        "sink": {
                                            "name": "Longitude",
                                            "type": "Decimal",
                                            "physicalType": "DECIMAL"
                                        }
                                    },
                                    {
                                        "source": {
                                            "name": "ISO2",
                                            "type": "String",
                                            "physicalType": "varchar"
                                        },
                                        "sink": {
                                            "name": "ISO2",
                                            "type": "String",
                                            "physicalType": "UTF8"
                                        }
                                    },
                                    {
                                        "source": {
                                            "name": "ISO3",
                                            "type": "String",
                                            "physicalType": "varchar"
                                        },
                                        "sink": {
                                            "name": "ISO3",
                                            "type": "String",
                                            "physicalType": "UTF8"
                                        }
                                    },
                                    {
                                        "source": {
                                            "name": "Country_Region",
                                            "type": "String",
                                            "physicalType": "varchar"
                                        },
                                        "sink": {
                                            "name": "Country_Region",
                                            "type": "String",
                                            "physicalType": "UTF8"
                                        }
                                    },
                                    {
                                        "source": {
                                            "name": "load_time",
                                            "type": "DateTime",
                                            "physicalType": "datetime"
                                        },
                                        "sink": {
                                            "name": "load_time",
                                            "type": "DateTime",
                                            "physicalType": "INT_96"
                                        }
                                    }
                                ],
                                "typeConversion": true,
                                "typeConversionSettings": {
                                    "allowDataTruncation": true,
                                    "treatBooleanAsNumber": false
                                }
                            }
                        },
                        "inputs": [
                            {
                                "referenceName": "SqlServerTable2",
                                "type": "DatasetReference",
                                "parameters": {}
                            }
                        ],
                        "outputs": [
                            {
                                "referenceName": "VMCovid_MetricsSrc",
                                "type": "DatasetReference",
                                "parameters": {}
                            }
                        ]
                    }
                ],
                "policy": {
                    "elapsedTimeMetric": {}
                },
                "annotations": [],
                "lastPublishTime": "2024-04-05T17:35:43Z"
            },
            "dependsOn": []
        },
        {
            "name": "[concat(parameters('factoryName'), '/pipeline4')]",
            "type": "Microsoft.DataFactory/factories/pipelines",
            "apiVersion": "2018-06-01",
            "properties": {
                "activities": [
                    {
                        "name": "Copy data1",
                        "type": "Copy",
                        "dependsOn": [],
                        "policy": {
                            "timeout": "0.12:00:00",
                            "retry": 0,
                            "retryIntervalInSeconds": 30,
                            "secureOutput": false,
                            "secureInput": false
                        },
                        "userProperties": [],
                        "typeProperties": {
                            "source": {
                                "type": "SqlServerSource",
                                "queryTimeout": "02:00:00",
                                "partitionOption": "None"
                            },
                            "sink": {
                                "type": "ParquetSink",
                                "storeSettings": {
                                    "type": "AzureBlobFSWriteSettings"
                                },
                                "formatSettings": {
                                    "type": "ParquetWriteSettings"
                                }
                            },
                            "enableStaging": false,
                            "translator": {
                                "type": "TabularTranslator",
                                "mappings": [
                                    {
                                        "source": {
                                            "name": "DateKey",
                                            "type": "Int32",
                                            "physicalType": "int"
                                        },
                                        "sink": {
                                            "name": "DateKey",
                                            "type": "Int32",
                                            "physicalType": "INT_32"
                                        }
                                    },
                                    {
                                        "source": {
                                            "name": "FullDate",
                                            "type": "DateTime",
                                            "physicalType": "date"
                                        },
                                        "sink": {
                                            "name": "FullDate",
                                            "type": "DateTime",
                                            "physicalType": "INT_96"
                                        }
                                    },
                                    {
                                        "source": {
                                            "name": "isWeekDay",
                                            "type": "Boolean",
                                            "physicalType": "bit"
                                        },
                                        "sink": {
                                            "name": "isWeekDay",
                                            "type": "Boolean",
                                            "physicalType": "BOOLEAN"
                                        }
                                    },
                                    {
                                        "source": {
                                            "name": "DayOfWeek",
                                            "type": "Int32",
                                            "physicalType": "int"
                                        },
                                        "sink": {
                                            "name": "DayOfWeek",
                                            "type": "Int32",
                                            "physicalType": "INT_32"
                                        }
                                    },
                                    {
                                        "source": {
                                            "name": "DayOfMonth",
                                            "type": "Int32",
                                            "physicalType": "int"
                                        },
                                        "sink": {
                                            "name": "DayOfMonth",
                                            "type": "Int32",
                                            "physicalType": "INT_32"
                                        }
                                    },
                                    {
                                        "source": {
                                            "name": "DayOfQuarter",
                                            "type": "Int32",
                                            "physicalType": "int"
                                        },
                                        "sink": {
                                            "name": "DayOfQuarter",
                                            "type": "Int32",
                                            "physicalType": "INT_32"
                                        }
                                    },
                                    {
                                        "source": {
                                            "name": "DayOfYear",
                                            "type": "Int32",
                                            "physicalType": "int"
                                        },
                                        "sink": {
                                            "name": "DayOfYear",
                                            "type": "Int32",
                                            "physicalType": "INT_32"
                                        }
                                    },
                                    {
                                        "source": {
                                            "name": "DayName",
                                            "type": "String",
                                            "physicalType": "varchar"
                                        },
                                        "sink": {
                                            "name": "DayName",
                                            "type": "String",
                                            "physicalType": "UTF8"
                                        }
                                    },
                                    {
                                        "source": {
                                            "name": "WeekOfYear",
                                            "type": "Int32",
                                            "physicalType": "int"
                                        },
                                        "sink": {
                                            "name": "WeekOfYear",
                                            "type": "Int32",
                                            "physicalType": "INT_32"
                                        }
                                    },
                                    {
                                        "source": {
                                            "name": "WeekName",
                                            "type": "String",
                                            "physicalType": "varchar"
                                        },
                                        "sink": {
                                            "name": "WeekName",
                                            "type": "String",
                                            "physicalType": "UTF8"
                                        }
                                    },
                                    {
                                        "source": {
                                            "name": "MonthOfYear",
                                            "type": "Int32",
                                            "physicalType": "int"
                                        },
                                        "sink": {
                                            "name": "MonthOfYear",
                                            "type": "Int32",
                                            "physicalType": "INT_32"
                                        }
                                    },
                                    {
                                        "source": {
                                            "name": "MonthName",
                                            "type": "String",
                                            "physicalType": "varchar"
                                        },
                                        "sink": {
                                            "name": "MonthName",
                                            "type": "String",
                                            "physicalType": "UTF8"
                                        }
                                    },
                                    {
                                        "source": {
                                            "name": "CalendarQuarter",
                                            "type": "Int32",
                                            "physicalType": "int"
                                        },
                                        "sink": {
                                            "name": "CalendarQuarter",
                                            "type": "Int32",
                                            "physicalType": "INT_32"
                                        }
                                    },
                                    {
                                        "source": {
                                            "name": "CalendarQuarterName",
                                            "type": "String",
                                            "physicalType": "varchar"
                                        },
                                        "sink": {
                                            "name": "CalendarQuarterName",
                                            "type": "String",
                                            "physicalType": "UTF8"
                                        }
                                    },
                                    {
                                        "source": {
                                            "name": "CalendarYear",
                                            "type": "Int32",
                                            "physicalType": "int"
                                        },
                                        "sink": {
                                            "name": "CalendarYear",
                                            "type": "Int32",
                                            "physicalType": "INT_32"
                                        }
                                    },
                                    {
                                        "source": {
                                            "name": "FiscalMonth",
                                            "type": "Int32",
                                            "physicalType": "int"
                                        },
                                        "sink": {
                                            "name": "FiscalMonth",
                                            "type": "Int32",
                                            "physicalType": "INT_32"
                                        }
                                    },
                                    {
                                        "source": {
                                            "name": "FiscalMonthName",
                                            "type": "String",
                                            "physicalType": "varchar"
                                        },
                                        "sink": {
                                            "name": "FiscalMonthName",
                                            "type": "String",
                                            "physicalType": "UTF8"
                                        }
                                    },
                                    {
                                        "source": {
                                            "name": "FiscalQuarter",
                                            "type": "Int32",
                                            "physicalType": "int"
                                        },
                                        "sink": {
                                            "name": "FiscalQuarter",
                                            "type": "Int32",
                                            "physicalType": "INT_32"
                                        }
                                    },
                                    {
                                        "source": {
                                            "name": "FiscalQuarterName",
                                            "type": "String",
                                            "physicalType": "varchar"
                                        },
                                        "sink": {
                                            "name": "FiscalQuarterName",
                                            "type": "String",
                                            "physicalType": "UTF8"
                                        }
                                    },
                                    {
                                        "source": {
                                            "name": "FiscalYear",
                                            "type": "Int32",
                                            "physicalType": "int"
                                        },
                                        "sink": {
                                            "name": "FiscalYear",
                                            "type": "Int32",
                                            "physicalType": "INT_32"
                                        }
                                    }
                                ],
                                "typeConversion": true,
                                "typeConversionSettings": {
                                    "allowDataTruncation": true,
                                    "treatBooleanAsNumber": false
                                }
                            }
                        },
                        "inputs": [
                            {
                                "referenceName": "SqlServerTable3",
                                "type": "DatasetReference",
                                "parameters": {}
                            }
                        ],
                        "outputs": [
                            {
                                "referenceName": "VMDatesSrc",
                                "type": "DatasetReference",
                                "parameters": {}
                            }
                        ]
                    }
                ],
                "policy": {
                    "elapsedTimeMetric": {}
                },
                "annotations": [],
                "lastPublishTime": "2024-04-05T16:25:08Z"
            },
            "dependsOn": []
        },
        {
            "name": "[concat(parameters('factoryName'), '/pipeline6')]",
            "type": "Microsoft.DataFactory/factories/pipelines",
            "apiVersion": "2018-06-01",
            "properties": {
                "activities": [
                    {
                        "name": "covid_metrics",
                        "type": "ExecuteDataFlow",
                        "dependsOn": [],
                        "policy": {
                            "timeout": "0.12:00:00",
                            "retry": 0,
                            "retryIntervalInSeconds": 30,
                            "secureOutput": false,
                            "secureInput": false
                        },
                        "userProperties": [],
                        "typeProperties": {
                            "dataflow": {
                                "referenceName": "dataflow1",
                                "type": "DataFlowReference",
                                "parameters": {},
                                "datasetParameters": {
                                    "source1": {},
                                    "source2": {},
                                    "Cases": {},
                                    "Deaths": {},
                                    "Recoveries": {}
                                }
                            },
                            "staging": {},
                            "compute": {
                                "coreCount": 8,
                                "computeType": "General"
                            },
                            "traceLevel": "Fine"
                        }
                    }
                ],
                "policy": {
                    "elapsedTimeMetric": {}
                },
                "annotations": [],
                "lastPublishTime": "2024-04-05T17:46:15Z"
            },
            "dependsOn": []
        },
        {
            "name": "[concat(parameters('factoryName'), '/pipeline7')]",
            "type": "Microsoft.DataFactory/factories/pipelines",
            "apiVersion": "2018-06-01",
            "properties": {
                "activities": [
                    {
                        "name": "Geographic",
                        "type": "ExecuteDataFlow",
                        "dependsOn": [],
                        "policy": {
                            "timeout": "0.12:00:00",
                            "retry": 0,
                            "retryIntervalInSeconds": 30,
                            "secureOutput": false,
                            "secureInput": false
                        },
                        "userProperties": [],
                        "typeProperties": {
                            "dataflow": {
                                "referenceName": "dataflow2",
                                "type": "DataFlowReference",
                                "parameters": {},
                                "datasetParameters": {
                                    "source1": {},
                                    "sink1": {}
                                }
                            },
                            "staging": {},
                            "compute": {
                                "coreCount": 8,
                                "computeType": "General"
                            },
                            "traceLevel": "Fine"
                        }
                    }
                ],
                "policy": {
                    "elapsedTimeMetric": {}
                },
                "annotations": [],
                "lastPublishTime": "2024-04-05T18:03:47Z"
            },
            "dependsOn": [
                "[concat(variables('factoryId'), '/dataflows/dataflow2')]"
            ]
        },
        {
            "name": "[concat(parameters('factoryName'), '/pipeline8')]",
            "type": "Microsoft.DataFactory/factories/pipelines",
            "apiVersion": "2018-06-01",
            "properties": {
                "activities": [
                    {
                        "name": "DateToODS",
                        "type": "ExecuteDataFlow",
                        "dependsOn": [],
                        "policy": {
                            "timeout": "0.12:00:00",
                            "retry": 0,
                            "retryIntervalInSeconds": 30,
                            "secureOutput": false,
                            "secureInput": false
                        },
                        "userProperties": [],
                        "typeProperties": {
                            "dataflow": {
                                "referenceName": "DateToODS",
                                "type": "DataFlowReference",
                                "parameters": {},
                                "datasetParameters": {
                                    "source1": {},
                                    "sink1": {}
                                }
                            },
                            "staging": {},
                            "compute": {
                                "coreCount": 8,
                                "computeType": "General"
                            },
                            "traceLevel": "Fine"
                        }
                    }
                ],
                "policy": {
                    "elapsedTimeMetric": {}
                },
                "annotations": [],
                "lastPublishTime": "2024-04-05T18:41:22Z"
            },
            "dependsOn": []
        },
        {
            "name": "[concat(parameters('factoryName'), '/pipeline9')]",
            "type": "Microsoft.DataFactory/factories/pipelines",
            "apiVersion": "2018-06-01",
            "properties": {
                "activities": [
                    {
                        "name": "PolicyToODS",
                        "type": "ExecuteDataFlow",
                        "dependsOn": [],
                        "policy": {
                            "timeout": "0.12:00:00",
                            "retry": 0,
                            "retryIntervalInSeconds": 30,
                            "secureOutput": false,
                            "secureInput": false
                        },
                        "userProperties": [],
                        "typeProperties": {
                            "dataflow": {
                                "referenceName": "PolicyToODS",
                                "type": "DataFlowReference",
                                "parameters": {},
                                "datasetParameters": {
                                    "source1": {},
                                    "sink1": {}
                                }
                            },
                            "staging": {},
                            "compute": {
                                "coreCount": 8,
                                "computeType": "General"
                            },
                            "traceLevel": "Fine"
                        }
                    }
                ],
                "policy": {
                    "elapsedTimeMetric": {}
                },
                "annotations": [],
                "lastPublishTime": "2024-04-05T18:46:33Z"
            },
            "dependsOn": []
        }
    ]
}