{
    "$schema": "http://schema.management.azure.com/schemas/2015-01-01/deploymentTemplate.json#",
    "contentVersion": "1.0.0.0",
    "parameters": {
        "factoryName": {
            "type": "string",
            "metadata": "Data Factory name",
            "defaultValue": "team14datafactory"
        }
    },
    "variables": {
        "factoryId": "[concat('Microsoft.DataFactory/factories/', parameters('factoryName'))]"
    },
    "resources": [
        {
            "name": "[concat(parameters('factoryName'), '/Binary4')]",
            "type": "Microsoft.DataFactory/factories/datasets",
            "apiVersion": "2018-06-01",
            "properties": {
                "linkedServiceName": {
                    "referenceName": "AzureBlobStorage4",
                    "type": "LinkedServiceReference"
                },
                "annotations": [],
                "type": "Binary",
                "typeProperties": {
                    "location": {
                        "type": "AzureBlobStorageLocation",
                        "fileName": "temp.txt",
                        "container": "external"
                    }
                }
            },
            "dependsOn": []
        },
        {
            "name": "[concat(parameters('factoryName'), '/CosmosPolicy')]",
            "type": "Microsoft.DataFactory/factories/datasets",
            "apiVersion": "2018-06-01",
            "properties": {
                "linkedServiceName": {
                    "referenceName": "CosmosDbNoSql1",
                    "type": "LinkedServiceReference"
                },
                "annotations": [],
                "type": "CosmosDbSqlApiCollection",
                "schema": {
                    "type": "object",
                    "properties": {
                        "CountryName": {
                            "type": "string"
                        },
                        "CountryCode": {
                            "type": "string"
                        },
                        "RegionName": {
                            "type": "null"
                        },
                        "RegionCode": {
                            "type": "null"
                        },
                        "Jurisdiction": {
                            "type": "string"
                        },
                        "Date": {
                            "type": "string"
                        },
                        "C1_School closing": {
                            "type": "integer"
                        },
                        "C1_Flag": {
                            "type": "integer"
                        },
                        "C2_Workplace closing": {
                            "type": "integer"
                        },
                        "C2_Flag": {
                            "type": "integer"
                        },
                        "C3_Cancel public events": {
                            "type": "integer"
                        },
                        "C3_Flag": {
                            "type": "integer"
                        },
                        "C4_Restrictions on gatherings": {
                            "type": "integer"
                        },
                        "C4_Flag": {
                            "type": "integer"
                        },
                        "C5_Close public transport": {
                            "type": "integer"
                        },
                        "C5_Flag": {
                            "type": "integer"
                        },
                        "C6_Stay at home requirements": {
                            "type": "integer"
                        },
                        "C6_Flag": {
                            "type": "integer"
                        },
                        "C7_Restrictions on internal movement": {
                            "type": "integer"
                        },
                        "C7_Flag": {
                            "type": "integer"
                        },
                        "C8_International travel controls": {
                            "type": "integer"
                        },
                        "E1_Income support": {
                            "type": "integer"
                        },
                        "E1_Flag": {
                            "type": "integer"
                        },
                        "E2_Debt contract relief": {
                            "type": "integer"
                        },
                        "E3_Fiscal measures": {
                            "type": "integer"
                        },
                        "E4_International support": {
                            "type": "integer"
                        },
                        "H1_Public information campaigns": {
                            "type": "integer"
                        },
                        "H1_Flag": {
                            "type": "integer"
                        },
                        "H2_Testing policy": {
                            "type": "integer"
                        },
                        "H3_Contact tracing": {
                            "type": "integer"
                        },
                        "H4_Emergency investment in healthcare": {
                            "type": "integer"
                        },
                        "H5_Investment in vaccines": {
                            "type": "integer"
                        },
                        "H6_Facial Coverings": {
                            "type": "integer"
                        },
                        "H6_Flag": {
                            "type": "integer"
                        },
                        "H7_Vaccination policy": {
                            "type": "integer"
                        },
                        "H7_Flag": {
                            "type": "integer"
                        },
                        "H8_Protection of elderly people": {
                            "type": "integer"
                        },
                        "H8_Flag": {
                            "type": "integer"
                        },
                        "M1_Wildcard": {
                            "type": "integer"
                        },
                        "StringencyIndex": {
                            "type": "integer"
                        },
                        "StringencyIndexForDisplay": {
                            "type": "integer"
                        },
                        "StringencyLegacyIndex": {
                            "type": "integer"
                        },
                        "StringencyLegacyIndexForDisplay": {
                            "type": "integer"
                        },
                        "GovernmentResponseIndex": {
                            "type": "integer"
                        },
                        "GovernmentResponseIndexForDisplay": {
                            "type": "integer"
                        },
                        "ContainmentHealthIndex": {
                            "type": "integer"
                        },
                        "ContainmentHealthIndexForDisplay": {
                            "type": "integer"
                        },
                        "EconomicSupportIndex": {
                            "type": "integer"
                        },
                        "EconomicSupportIndexForDisplay": {
                            "type": "integer"
                        }
                    }
                },
                "typeProperties": {
                    "collectionName": "covidpolicy"
                }
            },
            "dependsOn": []
        },
        {
            "name": "[concat(parameters('factoryName'), '/CosmosPolicySrc')]",
            "type": "Microsoft.DataFactory/factories/datasets",
            "apiVersion": "2018-06-01",
            "properties": {
                "linkedServiceName": {
                    "referenceName": "AzureDataLakeStorage1",
                    "type": "LinkedServiceReference"
                },
                "annotations": [],
                "type": "Parquet",
                "typeProperties": {
                    "location": {
                        "type": "AzureBlobFSLocation",
                        "fileSystem": "cosmosdb"
                    },
                    "compressionCodec": "snappy"
                },
                "schema": []
            },
            "dependsOn": []
        },
        {
            "name": "[concat(parameters('factoryName'), '/DelimitedText1')]",
            "type": "Microsoft.DataFactory/factories/datasets",
            "apiVersion": "2018-06-01",
            "properties": {
                "linkedServiceName": {
                    "referenceName": "HttpServer1",
                    "type": "LinkedServiceReference"
                },
                "annotations": [],
                "type": "DelimitedText",
                "typeProperties": {
                    "location": {
                        "type": "HttpServerLocation"
                    },
                    "columnDelimiter": ",",
                    "escapeChar": "\\",
                    "firstRowAsHeader": true,
                    "quoteChar": "\""
                },
                "schema": []
            },
            "dependsOn": []
        },
        {
            "name": "[concat(parameters('factoryName'), '/DelimitedText2')]",
            "type": "Microsoft.DataFactory/factories/datasets",
            "apiVersion": "2018-06-01",
            "properties": {
                "linkedServiceName": {
                    "referenceName": "AzureBlobStorage1",
                    "type": "LinkedServiceReference"
                },
                "annotations": [],
                "type": "DelimitedText",
                "typeProperties": {
                    "location": {
                        "type": "AzureBlobStorageLocation",
                        "fileName": "popinfo.txt",
                        "container": "external"
                    },
                    "columnDelimiter": "\t",
                    "rowDelimiter": "\n",
                    "escapeChar": "\\",
                    "firstRowAsHeader": false,
                    "quoteChar": "\""
                },
                "schema": [
                    {
                        "name": "PK\u0003\u0004\u0014\u0000\u0000\u0000\b\u0000",
                        "type": "String"
                    }
                ]
            },
            "dependsOn": []
        },
        {
            "name": "[concat(parameters('factoryName'), '/GeographicParquet')]",
            "type": "Microsoft.DataFactory/factories/datasets",
            "apiVersion": "2018-06-01",
            "properties": {
                "linkedServiceName": {
                    "referenceName": "AzureDataLakeStorage7",
                    "type": "LinkedServiceReference"
                },
                "annotations": [],
                "type": "Parquet",
                "typeProperties": {
                    "location": {
                        "type": "AzureBlobFSLocation",
                        "fileName": "Geographic",
                        "fileSystem": "ods"
                    },
                    "compressionCodec": "snappy"
                },
                "schema": [
                    {
                        "name": "ID",
                        "type": "INT32"
                    },
                    {
                        "name": "Updated",
                        "type": "DATE"
                    },
                    {
                        "name": "Confirmed",
                        "type": "INT32"
                    },
                    {
                        "name": "Confirmed_Change",
                        "type": "INT32"
                    },
                    {
                        "name": "Deaths",
                        "type": "INT32"
                    },
                    {
                        "name": "Deaths_Change",
                        "type": "INT32"
                    },
                    {
                        "name": "Recovered",
                        "type": "INT32"
                    },
                    {
                        "name": "Recovered_Change",
                        "type": "INT32"
                    },
                    {
                        "name": "Latitude",
                        "type": "DECIMAL",
                        "precision": 10,
                        "scale": 5
                    },
                    {
                        "name": "Longitude",
                        "type": "DECIMAL",
                        "precision": 10,
                        "scale": 5
                    },
                    {
                        "name": "ISO2",
                        "type": "UTF8"
                    },
                    {
                        "name": "ISO3",
                        "type": "UTF8"
                    },
                    {
                        "name": "Country_Region",
                        "type": "UTF8"
                    },
                    {
                        "name": "load_time",
                        "type": "INT96"
                    }
                ]
            },
            "dependsOn": []
        },
        {
            "name": "[concat(parameters('factoryName'), '/Parquet1')]",
            "type": "Microsoft.DataFactory/factories/datasets",
            "apiVersion": "2018-06-01",
            "properties": {
                "linkedServiceName": {
                    "referenceName": "Challenge2",
                    "type": "LinkedServiceReference"
                },
                "annotations": [],
                "type": "Parquet",
                "typeProperties": {
                    "location": {
                        "type": "AzureBlobFSLocation",
                        "fileSystem": "ods"
                    },
                    "compressionCodec": "snappy"
                },
                "schema": []
            },
            "dependsOn": []
        },
        {
            "name": "[concat(parameters('factoryName'), '/Parquet10')]",
            "type": "Microsoft.DataFactory/factories/datasets",
            "apiVersion": "2018-06-01",
            "properties": {
                "linkedServiceName": {
                    "referenceName": "AzureBlobStorage1",
                    "type": "LinkedServiceReference"
                },
                "annotations": [],
                "type": "Parquet",
                "typeProperties": {
                    "location": {
                        "type": "AzureBlobStorageLocation",
                        "fileName": "data_d227a117-b418-47e2-b812-6118a5e844ce_e2d47181-79f6-498f-b62e-fc147058fa8d.parquet",
                        "container": "cosmosdb"
                    },
                    "compressionCodec": "snappy"
                },
                "schema": [
                    {
                        "name": "CountryName",
                        "type": "UTF8"
                    },
                    {
                        "name": "CountryCode",
                        "type": "UTF8"
                    },
                    {
                        "name": "RegionName",
                        "type": "UTF8"
                    },
                    {
                        "name": "RegionCode",
                        "type": "UTF8"
                    },
                    {
                        "name": "Jurisdiction",
                        "type": "UTF8"
                    },
                    {
                        "name": "Date",
                        "type": "INT96"
                    },
                    {
                        "name": "C1_SchoolClosing",
                        "type": "DOUBLE"
                    },
                    {
                        "name": "C1_Flag",
                        "type": "DOUBLE"
                    },
                    {
                        "name": "C2_WorkplaceClosing",
                        "type": "DOUBLE"
                    },
                    {
                        "name": "C2_Flag",
                        "type": "DOUBLE"
                    },
                    {
                        "name": "C3_CancelPublicEvents",
                        "type": "DOUBLE"
                    },
                    {
                        "name": "C3_Flag",
                        "type": "DOUBLE"
                    },
                    {
                        "name": "C4_RestrictionsOnGatherings",
                        "type": "DOUBLE"
                    },
                    {
                        "name": "C4_Flag",
                        "type": "DOUBLE"
                    },
                    {
                        "name": "C5_ClosePublicTransport",
                        "type": "DOUBLE"
                    },
                    {
                        "name": "C5_Flag",
                        "type": "DOUBLE"
                    },
                    {
                        "name": "C6_StayAtHomeRequirements",
                        "type": "DOUBLE"
                    },
                    {
                        "name": "C6_Flag",
                        "type": "DOUBLE"
                    },
                    {
                        "name": "C7_RestrictionsOnInternalMovement",
                        "type": "DOUBLE"
                    },
                    {
                        "name": "C7_Flag",
                        "type": "DOUBLE"
                    },
                    {
                        "name": "C8_InternationalTravelControls",
                        "type": "DOUBLE"
                    },
                    {
                        "name": "E1_IncomeSupport",
                        "type": "DOUBLE"
                    },
                    {
                        "name": "E1_Flag",
                        "type": "DOUBLE"
                    },
                    {
                        "name": "E2_DebtContractRelief",
                        "type": "DOUBLE"
                    },
                    {
                        "name": "E3_FiscalMeasures",
                        "type": "DOUBLE"
                    },
                    {
                        "name": "E4_InternationalSupport",
                        "type": "DOUBLE"
                    },
                    {
                        "name": "H1_PublicinformationCampaigns",
                        "type": "DOUBLE"
                    },
                    {
                        "name": "H1_Flag",
                        "type": "DOUBLE"
                    },
                    {
                        "name": "H2_TestingPolicy",
                        "type": "DOUBLE"
                    },
                    {
                        "name": "H3_ContactTracing",
                        "type": "DOUBLE"
                    },
                    {
                        "name": "H4_EmergencyInvestmentInHealthcare",
                        "type": "DOUBLE"
                    },
                    {
                        "name": "H5_InvestmentInVaccines",
                        "type": "DOUBLE"
                    },
                    {
                        "name": "H6_FacialCoverings",
                        "type": "DOUBLE"
                    },
                    {
                        "name": "H6_Flag",
                        "type": "DOUBLE"
                    },
                    {
                        "name": "H7_VaccinationPolicy",
                        "type": "DOUBLE"
                    },
                    {
                        "name": "H7_Flag",
                        "type": "DOUBLE"
                    },
                    {
                        "name": "H8_ProtectionOfElderlyPeople",
                        "type": "DOUBLE"
                    },
                    {
                        "name": "H8_Flag",
                        "type": "DOUBLE"
                    },
                    {
                        "name": "M1_Wildcard",
                        "type": "DOUBLE"
                    },
                    {
                        "name": "StringencyIndex",
                        "type": "DOUBLE"
                    },
                    {
                        "name": "StringencyIndexForDisplay",
                        "type": "DOUBLE"
                    },
                    {
                        "name": "StringencyLegacyIndex",
                        "type": "DOUBLE"
                    },
                    {
                        "name": "StringencyLegacyIndexForDisplay",
                        "type": "DOUBLE"
                    },
                    {
                        "name": "GovernmentResponseIndex",
                        "type": "DOUBLE"
                    },
                    {
                        "name": "GovernmentResponseIndexForDisplay",
                        "type": "DOUBLE"
                    },
                    {
                        "name": "ContainmentHealthIndex",
                        "type": "DOUBLE"
                    },
                    {
                        "name": "ContainmentHealthIndexForDisplay",
                        "type": "DOUBLE"
                    },
                    {
                        "name": "EconomicSupportIndex",
                        "type": "DOUBLE"
                    },
                    {
                        "name": "EconomicSupportIndexForDisplay",
                        "type": "DOUBLE"
                    }
                ]
            },
            "dependsOn": []
        },
        {
            "name": "[concat(parameters('factoryName'), '/Parquet11')]",
            "type": "Microsoft.DataFactory/factories/datasets",
            "apiVersion": "2018-06-01",
            "properties": {
                "linkedServiceName": {
                    "referenceName": "Challenge2",
                    "type": "LinkedServiceReference"
                },
                "annotations": [],
                "type": "Parquet",
                "typeProperties": {
                    "location": {
                        "type": "AzureBlobFSLocation",
                        "fileSystem": "external"
                    },
                    "compressionCodec": "snappy"
                },
                "schema": []
            },
            "dependsOn": []
        },
        {
            "name": "[concat(parameters('factoryName'), '/Parquet12')]",
            "type": "Microsoft.DataFactory/factories/datasets",
            "apiVersion": "2018-06-01",
            "properties": {
                "linkedServiceName": {
                    "referenceName": "Challenge2",
                    "type": "LinkedServiceReference"
                },
                "annotations": [],
                "type": "Parquet",
                "typeProperties": {
                    "location": {
                        "type": "AzureBlobFSLocation",
                        "fileSystem": "external"
                    },
                    "compressionCodec": "snappy"
                },
                "schema": []
            },
            "dependsOn": []
        },
        {
            "name": "[concat(parameters('factoryName'), '/Parquet13')]",
            "type": "Microsoft.DataFactory/factories/datasets",
            "apiVersion": "2018-06-01",
            "properties": {
                "linkedServiceName": {
                    "referenceName": "AzureBlobStorage5",
                    "type": "LinkedServiceReference"
                },
                "annotations": [],
                "type": "Parquet",
                "typeProperties": {
                    "location": {
                        "type": "AzureBlobStorageLocation",
                        "container": "external"
                    },
                    "compressionCodec": "snappy"
                },
                "schema": []
            },
            "dependsOn": []
        },
        {
            "name": "[concat(parameters('factoryName'), '/Parquet2')]",
            "type": "Microsoft.DataFactory/factories/datasets",
            "apiVersion": "2018-06-01",
            "properties": {
                "linkedServiceName": {
                    "referenceName": "Challenge2",
                    "type": "LinkedServiceReference"
                },
                "annotations": [],
                "type": "Parquet",
                "typeProperties": {
                    "location": {
                        "type": "AzureBlobFSLocation",
                        "fileSystem": "ods"
                    },
                    "compressionCodec": "snappy"
                },
                "schema": [
                    {
                        "name": "ID",
                        "type": "INT32"
                    },
                    {
                        "name": "Updated",
                        "type": "DATE"
                    },
                    {
                        "name": "Confirmed",
                        "type": "INT32"
                    },
                    {
                        "name": "Confirmed_Change",
                        "type": "INT32"
                    },
                    {
                        "name": "Deaths",
                        "type": "INT32"
                    },
                    {
                        "name": "Deaths_Change",
                        "type": "INT32"
                    },
                    {
                        "name": "Recovered",
                        "type": "INT32"
                    },
                    {
                        "name": "Recovered_Change",
                        "type": "INT32"
                    },
                    {
                        "name": "Latitude",
                        "type": "DECIMAL",
                        "precision": 10,
                        "scale": 5
                    },
                    {
                        "name": "Longitude",
                        "type": "DECIMAL",
                        "precision": 10,
                        "scale": 5
                    },
                    {
                        "name": "ISO2",
                        "type": "UTF8"
                    },
                    {
                        "name": "ISO3",
                        "type": "UTF8"
                    },
                    {
                        "name": "Country_Region",
                        "type": "UTF8"
                    },
                    {
                        "name": "load_time",
                        "type": "INT96"
                    }
                ]
            },
            "dependsOn": []
        },
        {
            "name": "[concat(parameters('factoryName'), '/Parquet3')]",
            "type": "Microsoft.DataFactory/factories/datasets",
            "apiVersion": "2018-06-01",
            "properties": {
                "linkedServiceName": {
                    "referenceName": "Challenge2",
                    "type": "LinkedServiceReference"
                },
                "annotations": [],
                "type": "Parquet",
                "typeProperties": {
                    "location": {
                        "type": "AzureBlobFSLocation",
                        "fileSystem": "ods"
                    },
                    "compressionCodec": "snappy"
                },
                "schema": [
                    {
                        "name": "ID",
                        "type": "INT32"
                    },
                    {
                        "name": "Updated",
                        "type": "DATE"
                    },
                    {
                        "name": "Confirmed",
                        "type": "INT32"
                    },
                    {
                        "name": "Confirmed_Change",
                        "type": "INT32"
                    },
                    {
                        "name": "Deaths",
                        "type": "INT32"
                    },
                    {
                        "name": "Deaths_Change",
                        "type": "INT32"
                    },
                    {
                        "name": "Recovered",
                        "type": "INT32"
                    },
                    {
                        "name": "Recovered_Change",
                        "type": "INT32"
                    },
                    {
                        "name": "Latitude",
                        "type": "DECIMAL",
                        "precision": 10,
                        "scale": 5
                    },
                    {
                        "name": "Longitude",
                        "type": "DECIMAL",
                        "precision": 10,
                        "scale": 5
                    },
                    {
                        "name": "ISO2",
                        "type": "UTF8"
                    },
                    {
                        "name": "ISO3",
                        "type": "UTF8"
                    },
                    {
                        "name": "Country_Region",
                        "type": "UTF8"
                    },
                    {
                        "name": "load_time",
                        "type": "INT96"
                    }
                ]
            },
            "dependsOn": []
        },
        {
            "name": "[concat(parameters('factoryName'), '/Parquet4')]",
            "type": "Microsoft.DataFactory/factories/datasets",
            "apiVersion": "2018-06-01",
            "properties": {
                "linkedServiceName": {
                    "referenceName": "AzureBlobStorage1",
                    "type": "LinkedServiceReference"
                },
                "annotations": [],
                "type": "Parquet",
                "typeProperties": {
                    "location": {
                        "type": "AzureBlobStorageLocation",
                        "fileName": "dbo.Dates.parquet",
                        "container": "azuresqldb"
                    },
                    "compressionCodec": "snappy"
                },
                "schema": [
                    {
                        "name": "DateKey",
                        "type": "INT32"
                    },
                    {
                        "name": "FullDate",
                        "type": "DATE"
                    },
                    {
                        "name": "isWeekDay",
                        "type": "BOOLEAN"
                    },
                    {
                        "name": "DayOfWeek",
                        "type": "INT32"
                    },
                    {
                        "name": "DayOfMonth",
                        "type": "INT32"
                    },
                    {
                        "name": "DayOfQuarter",
                        "type": "INT32"
                    },
                    {
                        "name": "DayOfYear",
                        "type": "INT32"
                    },
                    {
                        "name": "DayName",
                        "type": "UTF8"
                    },
                    {
                        "name": "WeekOfYear",
                        "type": "INT32"
                    },
                    {
                        "name": "WeekName",
                        "type": "UTF8"
                    },
                    {
                        "name": "MonthOfYear",
                        "type": "INT32"
                    },
                    {
                        "name": "MonthName",
                        "type": "UTF8"
                    },
                    {
                        "name": "CalendarQuarter",
                        "type": "INT32"
                    },
                    {
                        "name": "CalendarQuarterName",
                        "type": "UTF8"
                    },
                    {
                        "name": "CalendarYear",
                        "type": "INT32"
                    },
                    {
                        "name": "FiscalMonth",
                        "type": "INT32"
                    },
                    {
                        "name": "FiscalMonthName",
                        "type": "UTF8"
                    },
                    {
                        "name": "FiscalQuarter",
                        "type": "INT32"
                    },
                    {
                        "name": "FiscalQuarterName",
                        "type": "UTF8"
                    },
                    {
                        "name": "FiscalYear",
                        "type": "INT32"
                    }
                ]
            },
            "dependsOn": []
        },
        {
            "name": "[concat(parameters('factoryName'), '/Parquet5')]",
            "type": "Microsoft.DataFactory/factories/datasets",
            "apiVersion": "2018-06-01",
            "properties": {
                "linkedServiceName": {
                    "referenceName": "AzureBlobStorage1",
                    "type": "LinkedServiceReference"
                },
                "annotations": [],
                "type": "Parquet",
                "typeProperties": {
                    "location": {
                        "type": "AzureBlobStorageLocation",
                        "container": "ods"
                    },
                    "compressionCodec": "snappy"
                },
                "schema": []
            },
            "dependsOn": []
        },
        {
            "name": "[concat(parameters('factoryName'), '/Parquet6')]",
            "type": "Microsoft.DataFactory/factories/datasets",
            "apiVersion": "2018-06-01",
            "properties": {
                "linkedServiceName": {
                    "referenceName": "AzureBlobStorage1",
                    "type": "LinkedServiceReference"
                },
                "annotations": [],
                "type": "Parquet",
                "typeProperties": {
                    "location": {
                        "type": "AzureBlobStorageLocation",
                        "container": "cosmosdb"
                    },
                    "compressionCodec": "snappy"
                },
                "schema": [
                    {
                        "name": "CountryName",
                        "type": "UTF8"
                    },
                    {
                        "name": "CountryCode",
                        "type": "UTF8"
                    },
                    {
                        "name": "RegionName",
                        "type": "UTF8"
                    },
                    {
                        "name": "RegionCode",
                        "type": "UTF8"
                    },
                    {
                        "name": "Jurisdiction",
                        "type": "UTF8"
                    },
                    {
                        "name": "Date",
                        "type": "UTF8"
                    },
                    {
                        "name": "C1_SchoolClosing",
                        "type": "DOUBLE"
                    },
                    {
                        "name": "C1_Flag",
                        "type": "DOUBLE"
                    },
                    {
                        "name": "C2_WorkplaceClosing",
                        "type": "DOUBLE"
                    },
                    {
                        "name": "C2_Flag",
                        "type": "DOUBLE"
                    },
                    {
                        "name": "C3_CancelPublicEvents",
                        "type": "DOUBLE"
                    },
                    {
                        "name": "C3_Flag",
                        "type": "DOUBLE"
                    },
                    {
                        "name": "C4_RestrictionsOnGatherings",
                        "type": "DOUBLE"
                    },
                    {
                        "name": "C4_Flag",
                        "type": "DOUBLE"
                    },
                    {
                        "name": "C5_ClosePublicTransport",
                        "type": "DOUBLE"
                    },
                    {
                        "name": "C5_Flag",
                        "type": "DOUBLE"
                    },
                    {
                        "name": "C6_StayAtHomeRequirements",
                        "type": "DOUBLE"
                    },
                    {
                        "name": "C6_Flag",
                        "type": "DOUBLE"
                    },
                    {
                        "name": "C7_RestrictionsOnInternalMovement",
                        "type": "DOUBLE"
                    },
                    {
                        "name": "C7_Flag",
                        "type": "DOUBLE"
                    },
                    {
                        "name": "C8_InternationalTravelControls",
                        "type": "DOUBLE"
                    },
                    {
                        "name": "E1_IncomeSupport",
                        "type": "DOUBLE"
                    },
                    {
                        "name": "E1_Flag",
                        "type": "DOUBLE"
                    },
                    {
                        "name": "E2_DebtContractRelief",
                        "type": "DOUBLE"
                    },
                    {
                        "name": "E3_FiscalMeasures",
                        "type": "DOUBLE"
                    },
                    {
                        "name": "E4_InternationalSupport",
                        "type": "DOUBLE"
                    },
                    {
                        "name": "H1_PublicinformationCampaigns",
                        "type": "DOUBLE"
                    },
                    {
                        "name": "H1_Flag",
                        "type": "DOUBLE"
                    },
                    {
                        "name": "H2_TestingPolicy",
                        "type": "DOUBLE"
                    },
                    {
                        "name": "H3_ContactTracing",
                        "type": "DOUBLE"
                    },
                    {
                        "name": "H4_EmergencyInvestmentInHealthcare",
                        "type": "DOUBLE"
                    },
                    {
                        "name": "H5_InvestmentInVaccines",
                        "type": "DOUBLE"
                    },
                    {
                        "name": "H6_FacialCoverings",
                        "type": "DOUBLE"
                    },
                    {
                        "name": "H6_Flag",
                        "type": "DOUBLE"
                    },
                    {
                        "name": "H7_VaccinationPolicy",
                        "type": "DOUBLE"
                    },
                    {
                        "name": "H7_Flag",
                        "type": "DOUBLE"
                    },
                    {
                        "name": "H8_ProtectionOfElderlyPeople",
                        "type": "DOUBLE"
                    },
                    {
                        "name": "H8_Flag",
                        "type": "DOUBLE"
                    },
                    {
                        "name": "M1_Wildcard",
                        "type": "DOUBLE"
                    },
                    {
                        "name": "StringencyIndex",
                        "type": "DOUBLE"
                    },
                    {
                        "name": "StringencyIndexForDisplay",
                        "type": "DOUBLE"
                    },
                    {
                        "name": "StringencyLegacyIndex",
                        "type": "DOUBLE"
                    },
                    {
                        "name": "StringencyLegacyIndexForDisplay",
                        "type": "DOUBLE"
                    },
                    {
                        "name": "GovernmentResponseIndex",
                        "type": "DOUBLE"
                    },
                    {
                        "name": "GovernmentResponseIndexForDisplay",
                        "type": "DOUBLE"
                    },
                    {
                        "name": "ContainmentHealthIndex",
                        "type": "DOUBLE"
                    },
                    {
                        "name": "ContainmentHealthIndexForDisplay",
                        "type": "DOUBLE"
                    },
                    {
                        "name": "EconomicSupportIndex",
                        "type": "DOUBLE"
                    },
                    {
                        "name": "EconomicSupportIndexForDisplay",
                        "type": "DOUBLE"
                    }
                ]
            },
            "dependsOn": []
        },
        {
            "name": "[concat(parameters('factoryName'), '/Parquet7')]",
            "type": "Microsoft.DataFactory/factories/datasets",
            "apiVersion": "2018-06-01",
            "properties": {
                "linkedServiceName": {
                    "referenceName": "AzureBlobStorage1",
                    "type": "LinkedServiceReference"
                },
                "annotations": [],
                "type": "Parquet",
                "typeProperties": {
                    "location": {
                        "type": "AzureBlobStorageLocation",
                        "container": "ods"
                    },
                    "compressionCodec": "snappy"
                },
                "schema": []
            },
            "dependsOn": []
        },
        {
            "name": "[concat(parameters('factoryName'), '/Parquet8')]",
            "type": "Microsoft.DataFactory/factories/datasets",
            "apiVersion": "2018-06-01",
            "properties": {
                "linkedServiceName": {
                    "referenceName": "AzureBlobStorage1",
                    "type": "LinkedServiceReference"
                },
                "annotations": [],
                "type": "Parquet",
                "typeProperties": {
                    "location": {
                        "type": "AzureBlobStorageLocation",
                        "fileName": "data_d227a117-b418-47e2-b812-6118a5e844ce_e2d47181-79f6-498f-b62e-fc147058fa8d.parquet",
                        "container": "cosmosdb"
                    },
                    "compressionCodec": "snappy"
                },
                "schema": [
                    {
                        "name": "CountryName",
                        "type": "UTF8"
                    },
                    {
                        "name": "CountryCode",
                        "type": "UTF8"
                    },
                    {
                        "name": "RegionName",
                        "type": "UTF8"
                    },
                    {
                        "name": "RegionCode",
                        "type": "UTF8"
                    },
                    {
                        "name": "Jurisdiction",
                        "type": "UTF8"
                    },
                    {
                        "name": "Date",
                        "type": "INT96"
                    },
                    {
                        "name": "C1_SchoolClosing",
                        "type": "DOUBLE"
                    },
                    {
                        "name": "C1_Flag",
                        "type": "DOUBLE"
                    },
                    {
                        "name": "C2_WorkplaceClosing",
                        "type": "DOUBLE"
                    },
                    {
                        "name": "C2_Flag",
                        "type": "DOUBLE"
                    },
                    {
                        "name": "C3_CancelPublicEvents",
                        "type": "DOUBLE"
                    },
                    {
                        "name": "C3_Flag",
                        "type": "DOUBLE"
                    },
                    {
                        "name": "C4_RestrictionsOnGatherings",
                        "type": "DOUBLE"
                    },
                    {
                        "name": "C4_Flag",
                        "type": "DOUBLE"
                    },
                    {
                        "name": "C5_ClosePublicTransport",
                        "type": "DOUBLE"
                    },
                    {
                        "name": "C5_Flag",
                        "type": "DOUBLE"
                    },
                    {
                        "name": "C6_StayAtHomeRequirements",
                        "type": "DOUBLE"
                    },
                    {
                        "name": "C6_Flag",
                        "type": "DOUBLE"
                    },
                    {
                        "name": "C7_RestrictionsOnInternalMovement",
                        "type": "DOUBLE"
                    },
                    {
                        "name": "C7_Flag",
                        "type": "DOUBLE"
                    },
                    {
                        "name": "C8_InternationalTravelControls",
                        "type": "DOUBLE"
                    },
                    {
                        "name": "E1_IncomeSupport",
                        "type": "DOUBLE"
                    },
                    {
                        "name": "E1_Flag",
                        "type": "DOUBLE"
                    },
                    {
                        "name": "E2_DebtContractRelief",
                        "type": "DOUBLE"
                    },
                    {
                        "name": "E3_FiscalMeasures",
                        "type": "DOUBLE"
                    },
                    {
                        "name": "E4_InternationalSupport",
                        "type": "DOUBLE"
                    },
                    {
                        "name": "H1_PublicinformationCampaigns",
                        "type": "DOUBLE"
                    },
                    {
                        "name": "H1_Flag",
                        "type": "DOUBLE"
                    },
                    {
                        "name": "H2_TestingPolicy",
                        "type": "DOUBLE"
                    },
                    {
                        "name": "H3_ContactTracing",
                        "type": "DOUBLE"
                    },
                    {
                        "name": "H4_EmergencyInvestmentInHealthcare",
                        "type": "DOUBLE"
                    },
                    {
                        "name": "H5_InvestmentInVaccines",
                        "type": "DOUBLE"
                    },
                    {
                        "name": "H6_FacialCoverings",
                        "type": "DOUBLE"
                    },
                    {
                        "name": "H6_Flag",
                        "type": "DOUBLE"
                    },
                    {
                        "name": "H7_VaccinationPolicy",
                        "type": "DOUBLE"
                    },
                    {
                        "name": "H7_Flag",
                        "type": "DOUBLE"
                    },
                    {
                        "name": "H8_ProtectionOfElderlyPeople",
                        "type": "DOUBLE"
                    },
                    {
                        "name": "H8_Flag",
                        "type": "DOUBLE"
                    },
                    {
                        "name": "M1_Wildcard",
                        "type": "DOUBLE"
                    },
                    {
                        "name": "StringencyIndex",
                        "type": "DOUBLE"
                    },
                    {
                        "name": "StringencyIndexForDisplay",
                        "type": "DOUBLE"
                    },
                    {
                        "name": "StringencyLegacyIndex",
                        "type": "DOUBLE"
                    },
                    {
                        "name": "StringencyLegacyIndexForDisplay",
                        "type": "DOUBLE"
                    },
                    {
                        "name": "GovernmentResponseIndex",
                        "type": "DOUBLE"
                    },
                    {
                        "name": "GovernmentResponseIndexForDisplay",
                        "type": "DOUBLE"
                    },
                    {
                        "name": "ContainmentHealthIndex",
                        "type": "DOUBLE"
                    },
                    {
                        "name": "ContainmentHealthIndexForDisplay",
                        "type": "DOUBLE"
                    },
                    {
                        "name": "EconomicSupportIndex",
                        "type": "DOUBLE"
                    },
                    {
                        "name": "EconomicSupportIndexForDisplay",
                        "type": "DOUBLE"
                    }
                ]
            },
            "dependsOn": []
        },
        {
            "name": "[concat(parameters('factoryName'), '/Parquet9')]",
            "type": "Microsoft.DataFactory/factories/datasets",
            "apiVersion": "2018-06-01",
            "properties": {
                "linkedServiceName": {
                    "referenceName": "AzureBlobStorage1",
                    "type": "LinkedServiceReference"
                },
                "annotations": [],
                "type": "Parquet",
                "typeProperties": {
                    "location": {
                        "type": "AzureBlobStorageLocation",
                        "fileName": "data_97be114b-3c49-4ea0-9618-97e6b726a98b_e4a36902-445e-4ef8-b2d5-dc1c68c085c4.parquet",
                        "container": "cosmosdb"
                    },
                    "compressionCodec": "snappy"
                },
                "schema": [
                    {
                        "name": "CountryName",
                        "type": "UTF8"
                    },
                    {
                        "name": "CountryCode",
                        "type": "UTF8"
                    },
                    {
                        "name": "RegionName",
                        "type": "UTF8"
                    },
                    {
                        "name": "RegionCode",
                        "type": "UTF8"
                    },
                    {
                        "name": "Jurisdiction",
                        "type": "UTF8"
                    },
                    {
                        "name": "Date",
                        "type": "UTF8"
                    },
                    {
                        "name": "C1_SchoolClosing",
                        "type": "DOUBLE"
                    },
                    {
                        "name": "C1_Flag",
                        "type": "DOUBLE"
                    },
                    {
                        "name": "C2_WorkplaceClosing",
                        "type": "DOUBLE"
                    },
                    {
                        "name": "C2_Flag",
                        "type": "DOUBLE"
                    },
                    {
                        "name": "C3_CancelPublicEvents",
                        "type": "DOUBLE"
                    },
                    {
                        "name": "C3_Flag",
                        "type": "DOUBLE"
                    },
                    {
                        "name": "C4_RestrictionsOnGatherings",
                        "type": "DOUBLE"
                    },
                    {
                        "name": "C4_Flag",
                        "type": "DOUBLE"
                    },
                    {
                        "name": "C5_ClosePublicTransport",
                        "type": "DOUBLE"
                    },
                    {
                        "name": "C5_Flag",
                        "type": "DOUBLE"
                    },
                    {
                        "name": "C6_StayAtHomeRequirements",
                        "type": "DOUBLE"
                    },
                    {
                        "name": "C6_Flag",
                        "type": "DOUBLE"
                    },
                    {
                        "name": "C7_RestrictionsOnInternalMovement",
                        "type": "DOUBLE"
                    },
                    {
                        "name": "C7_Flag",
                        "type": "DOUBLE"
                    },
                    {
                        "name": "C8_InternationalTravelControls",
                        "type": "DOUBLE"
                    },
                    {
                        "name": "E1_IncomeSupport",
                        "type": "DOUBLE"
                    },
                    {
                        "name": "E1_Flag",
                        "type": "DOUBLE"
                    },
                    {
                        "name": "E2_DebtContractRelief",
                        "type": "DOUBLE"
                    },
                    {
                        "name": "E3_FiscalMeasures",
                        "type": "DOUBLE"
                    },
                    {
                        "name": "E4_InternationalSupport",
                        "type": "DOUBLE"
                    },
                    {
                        "name": "H1_PublicinformationCampaigns",
                        "type": "DOUBLE"
                    },
                    {
                        "name": "H1_Flag",
                        "type": "DOUBLE"
                    },
                    {
                        "name": "H2_TestingPolicy",
                        "type": "DOUBLE"
                    },
                    {
                        "name": "H3_ContactTracing",
                        "type": "DOUBLE"
                    },
                    {
                        "name": "H4_EmergencyInvestmentInHealthcare",
                        "type": "DOUBLE"
                    },
                    {
                        "name": "H5_InvestmentInVaccines",
                        "type": "DOUBLE"
                    },
                    {
                        "name": "H6_FacialCoverings",
                        "type": "DOUBLE"
                    },
                    {
                        "name": "H6_Flag",
                        "type": "DOUBLE"
                    },
                    {
                        "name": "H7_VaccinationPolicy",
                        "type": "DOUBLE"
                    },
                    {
                        "name": "H7_Flag",
                        "type": "DOUBLE"
                    },
                    {
                        "name": "H8_ProtectionOfElderlyPeople",
                        "type": "DOUBLE"
                    },
                    {
                        "name": "H8_Flag",
                        "type": "DOUBLE"
                    },
                    {
                        "name": "M1_Wildcard",
                        "type": "DOUBLE"
                    },
                    {
                        "name": "StringencyIndex",
                        "type": "DOUBLE"
                    },
                    {
                        "name": "StringencyIndexForDisplay",
                        "type": "DOUBLE"
                    },
                    {
                        "name": "StringencyLegacyIndex",
                        "type": "DOUBLE"
                    },
                    {
                        "name": "StringencyLegacyIndexForDisplay",
                        "type": "DOUBLE"
                    },
                    {
                        "name": "GovernmentResponseIndex",
                        "type": "DOUBLE"
                    },
                    {
                        "name": "GovernmentResponseIndexForDisplay",
                        "type": "DOUBLE"
                    },
                    {
                        "name": "ContainmentHealthIndex",
                        "type": "DOUBLE"
                    },
                    {
                        "name": "ContainmentHealthIndexForDisplay",
                        "type": "DOUBLE"
                    },
                    {
                        "name": "EconomicSupportIndex",
                        "type": "DOUBLE"
                    },
                    {
                        "name": "EconomicSupportIndexForDisplay",
                        "type": "DOUBLE"
                    }
                ]
            },
            "dependsOn": []
        },
        {
            "name": "[concat(parameters('factoryName'), '/SQLCountry')]",
            "type": "Microsoft.DataFactory/factories/datasets",
            "apiVersion": "2018-06-01",
            "properties": {
                "linkedServiceName": {
                    "referenceName": "AzureSqlDatabase1",
                    "type": "LinkedServiceReference"
                },
                "annotations": [],
                "type": "AzureSqlTable",
                "schema": [
                    {
                        "name": "Country",
                        "type": "varchar"
                    },
                    {
                        "name": "CountryCode",
                        "type": "varchar"
                    },
                    {
                        "name": "Latitude",
                        "type": "decimal",
                        "precision": 10,
                        "scale": 5
                    },
                    {
                        "name": "Longitude",
                        "type": "decimal",
                        "precision": 10,
                        "scale": 5
                    }
                ],
                "typeProperties": {
                    "schema": "dbo",
                    "table": "Country"
                }
            },
            "dependsOn": []
        }
    ]
}