{
    "$schema": "https://schema.management.azure.com/schemas/2015-01-01/deploymentParameters.json#",
    "contentVersion": "1.0.0.0",
    "parameters": {
        "factoryName": {
            "value": "team14datafactory"
        },
        "AzureBlobStorage1_connectionString": {
            "value": ""
        },
        "AzureBlobStorage2_connectionString": {
            "value": ""
        },
        "AzureBlobStorage3_connectionString": {
            "value": ""
        },
        "AzureBlobStorage4_connectionString": {
            "value": ""
        },
        "AzureBlobStorage5_connectionString": {
            "value": ""
        },
        "AzureDataLakeStorage1_accountKey": {
            "value": ""
        },
        "AzureDataLakeStorage2_accountKey": {
            "value": ""
        },
        "AzureDataLakeStorage3_accountKey": {
            "value": ""
        },
        "AzureDataLakeStorage4_accountKey": {
            "value": ""
        },
        "AzureDataLakeStorage5_accountKey": {
            "value": ""
        },
        "AzureDataLakeStorage6_accountKey": {
            "value": ""
        },
        "AzureDataLakeStorage7_accountKey": {
            "value": ""
        },
        "AzureSqlDatabase1_connectionString": {
            "value": ""
        },
        "Challenge2_accountKey": {
            "value": ""
        },
        "CosmosDbNoSql1_connectionString": {
            "value": ""
        },
        "SqlServer1_connectionString": {
            "value": ""
        },
        "AzureDataLakeStorage1_properties_typeProperties_url": {
            "value": "https://covid197o5otukgvty3w.dfs.core.windows.net/"
        },
        "AzureDataLakeStorage2_properties_typeProperties_url": {
            "value": "https://covid197o5otukgvty3w.dfs.core.windows.net/"
        },
        "AzureDataLakeStorage3_properties_typeProperties_url": {
            "value": "https://covid197o5otukgvty3w.dfs.core.windows.net/"
        },
        "AzureDataLakeStorage4_properties_typeProperties_url": {
            "value": "https://covid197o5otukgvty3w.dfs.core.windows.net/"
        },
        "AzureDataLakeStorage5_properties_typeProperties_url": {
            "value": "https://covid197o5otukgvty3w.dfs.core.windows.net/"
        },
        "AzureDataLakeStorage6_properties_typeProperties_url": {
            "value": "https://covid197o5otukgvty3w.dfs.core.windows.net/"
        },
        "AzureDataLakeStorage7_properties_typeProperties_url": {
            "value": "https://covid197o5otukgvty3w.dfs.core.windows.net/"
        },
        "Challenge2_properties_typeProperties_url": {
            "value": "https://covid197o5otukgvty3w.dfs.core.windows.net/"
        },
        "HttpServer1_properties_typeProperties_url": {
            "value": "https://api.worldbank.org/v2/en/indicator/SP.POP.TOTL?downloadformat=csv"
        },
        "HttpServer2_properties_typeProperties_url": {
            "value": "https://www.kaggle.com/datasets/palinatx/mean-temperature-for-countries-by-year-2014-2022/download?datasetVersionNumber=3"
        }
    }
}